000,GLOSS,amo,atsam,buji,camo,cishigini,clela,fungwa,gbiri,hun-saare,janji,kamuku,kudu,kurama,niragu,piti,reshe,sheni,surubu,tsikimba
079,"SEW, TO",u-tunu,**sunzi,duza,?,*í:-teŋga,zìlə́,?,*retursa,?,?,*í:-teŋga,?,**torzah,?,?,(má)-táʧè,?,tuza,jìlə̀
079,"SEW, TO",u-tunu,**sunzi,duza,?,*í:-teŋga,zìlə́,?,*retursa,?,?,*í:-teŋga,?,**torzah,?,?,(má)-táʧè,?,tuza,jìlə̀
046,"GO, WALK, TO",u-du,da; dize,*wan,?,mi gu:o,nòkà tə́,híǹdọ̀,"bur; *dura, *wuʤina",nékɛ́,?,mi gu:o,?,"maze; tainja; vuri; jaze, *dorra",bir (?); gjara-?; pɪsa,darak (?),nò,?,"ʤaravu, u-ʤaru",bànà
046,"GO, WALK, TO",u-du,da; dize,*wan,?,mi gu:o,nòkà tə́,híǹdọ̀,"bur; *dura, *wuʤina",nékɛ́,?,mi gu:o,?,"maze; tainja; vuri; jaze, *dorra",bir (?); gjara-?; pɪsa,darak (?),nò,?,"ʤaravu, u-ʤaru",bànà
045,"GIVE, TO",u-ni,ni,"njaka, ʃe-me",?,ma: pu:a,"nésè, nɛ́",pálá,*dakar,já:s,?,ma: pu:a,?,*nɪ- ~ nʌ- (?)  **paseh,daka,n-(?),pɛ́nɛ̀,-nje-,"goo (?), parem",nèkè
045,"GIVE, TO",u-ni,ni,"njaka, ʃe-me",?,ma: pu:a,"nésè, nɛ́",pálá,*dakar,já:s,?,ma: pu:a,?,*nɪ- ~ nʌ- (?)  **paseh,daka,n-(?),pɛ́nɛ̀,-nje-,"goo (?), parem",nèkè
056,LEOPARD (‘PANTHER’),*ko-pe,a-kwo,*bi-kwi,jari,u-gəbi,gwì:mì,ìgõ̂,ku-gbe,ú-gə́,bi-kpe,u-gəbi,unjarɛ,o-daro,ku-bi,o-kwɔ,hì-kɛ̀sàndɔ̀ì-,u-gana,ku-dar,kà-námà
056,LEOPARD (‘PANTHER’),*ko-pe,a-kwo,*bi-kwi,jari,u-gəbi,gwì:mì,ìgõ̂,ku-gbe,ú-gə́,bi-kpe,u-gəbi,unjarɛ,o-daro,ku-bi,o-kwɔ,hì-kɛ̀sàndɔ̀ì-,u-gana,ku-dar,kà-námà
099,WAR,*li-kom,kɔŋ,*jaki H.,?,ə-gas,d-gà:gò,ì-gjásà,nɪ-guma,ə̀r-gə́n,lɪ-kɔno,ə-gas,?,ń-tá,lɪ-guma,ri-koŋ,?,i-kɔno,ri-guma,kù-võ̀
099,WAR,*li-kom,kɔŋ,*jaki H.,?,ə-gas,d-gà:gò,ì-gjásà,nɪ-guma,ə̀r-gə́n,lɪ-kɔno,ə-gas,?,ń-tá,lɪ-guma,ri-koŋ,?,i-kɔno,ri-guma,kù-võ̀
071,"REFUSE, RETAIN, TO",anaza,*-kaŋe,"*nyamene, *da ija",?,?,hòlà; hə́lə̀,?,"*gabu, wana nadi",jágɛ́,?,?,?,"**gabor, **pitih",?,?,?,?,vunuvu jepte,ʔĩ̀w)ã̀
071,"REFUSE, RETAIN, TO",anaza,*-kaŋe,"*nyamene, *da ija",?,?,hòlà; hə́lə̀,?,"*gabu, wana nadi",jágɛ́,?,?,?,"**gabor, **pitih",?,?,?,?,vunuvu jepte,ʔĩ̀w)ã̀
012,BUFFALO,ku-kau,ʧɛbe,bì-jáwá,?,bi-hasi,kɔ̀bɔ́,?,pɪ-kawi,ù-hjét,bi-aba,bi-hasi,?,"bə́-háwá, bə-déki",pɪ-kawɪn,iʧe,h-érùmà,bi-aba,pi-kae,kjã́:cì
012,BUFFALO,ku-kau,ʧɛbe,bì-jáwá,?,bi-hasi,kɔ̀bɔ́,?,pɪ-kawi,ù-hjét,bi-aba,bi-hasi,?,"bə́-háwá, bə-déki",pɪ-kawɪn,iʧe,h-érùmà,bi-aba,pi-kae,kjã́:cì
024,CROCODILE,kuku-kunon,?,bè-jó,ʤura,ŋ-us,cwí:mə̀,?,?,ù-tú,?,ŋ-us,?,o-cérám,?,?,hĩ̀-pã̀,?,ku-ʧirum,"kã̀-j,ṹpù"
024,CROCODILE,kuku-kunon,?,bè-jó,ʤura,ŋ-us,cwí:mə̀,?,?,ù-tú,?,ŋ-us,?,o-cérám,?,?,hĩ̀-pã̀,?,ku-ʧirum,"kã̀-j,ṹpù"
038,"FAT, OIL, GREASE","im-mai; *ti-bip, *nof",bap,"*n-pun, mà-néné",?,mə-nəbi,"m̀-sèmá, m̀-nèvé","cì-bjɛ̃i, *mi-jigo","mani, mumaja","ə̀m-sɛ́m, ə̀m-náw","tɪ-noi, mane",mə-nəbi,?,"u-kandɪra; *nipum, məi","mani, manuŋ","tɪ bɛp, mʌi",u-hemi,"ma-tenne, manawai","u-buktozu, ma-mai",mà-nĩ́’ĩ̀
038,"FAT, OIL, GREASE","im-mai; *ti-bip, *nof",bap,"*n-pun, mà-néné",?,mə-nəbi,"m̀-sèmá, m̀-nèvé","cì-bjɛ̃i, *mi-jigo","mani, mumaja","ə̀m-sɛ́m, ə̀m-náw","tɪ-noi, mane",mə-nəbi,?,"u-kandɪra; *nipum, məi","mani, manuŋ","tɪ bɛp, mʌi",u-hemi,"ma-tenne, manawai","u-buktozu, ma-mai",mà-nĩ́’ĩ̀
008,BEAN,e-ʃum,?,*bi-ʧun,?,bi:-gaja,v-jálà,*bu-gaje,*i-ʃim,ù-jôr,?,bi:-gaja,?,bé-váázó,?,?,hí-kònò,?,i-ssum,kà-wàjà
008,BEAN,e-ʃum,?,*bi-ʧun,?,bi:-gaja,v-jálà,*bu-gaje,*i-ʃim,ù-jôr,?,bi:-gaja,?,bé-váázó,?,?,hí-kònò,?,i-ssum,kà-wàjà
021,COUNT: DRAW A LINE,u-ʤa u-laji (H.),?,*ra,?,?,"ògə̀mâ, gyɛ̀nɛ́",lúbá,"*borgja, *daza piduna","ɔ́:k, kwɔ; gyɛ́n",?,?,?,**kere+ulaji (H.),?,?,ànà,?,"vasze, janska pijara",kècè
021,COUNT: DRAW A LINE,u-ʤa u-laji (H.),?,*ra,?,?,"ògə̀mâ, gyɛ̀nɛ́",lúbá,"*borgja, *daza piduna","ɔ́:k, kwɔ; gyɛ́n",?,?,?,**kere+ulaji (H.),?,?,ànà,?,"vasze, janska pijara",kècè
015,CARVE,u-kezu,?,*sah utiti,?,?,sɛ̀bɛ̀,?,*re-ʃana,?,?,?,?,*ʃava,?,?,?,?,?,ʃèʔwè
015,CARVE,u-kezu,?,*sah utiti,?,?,sɛ̀bɛ̀,?,*re-ʃana,?,?,?,?,*ʃava,?,?,?,?,?,ʃèʔwè
070,RAPHIA PALM,in-ʧem; **ku-kuluk,*a-jed,"**o-ko, **o-geŋ, o-gjeŋ",?,?,?,bìkɛ̀lú,?,?,?,?,?,"**ndaran, **inʤaseh, **u-dabilo (H.)",?,?,?,?,"makur ~masaku, ka-gunga","kà-ʃùwà, kò-wò"
070,RAPHIA PALM,in-ʧem; **ku-kuluk,*a-jed,"**o-ko, **o-geŋ, o-gjeŋ",?,?,?,bìkɛ̀lú,?,?,?,?,?,"**ndaran, **inʤaseh, **u-dabilo (H.)",?,?,?,?,"makur ~masaku, ka-gunga","kà-ʃùwà, kò-wò"
065.1,OIL PALM (ELAEIS GUINEENSIS),im-mai; kuʧanʃmanʤa; H. ku kwakwa,*-kun kwara,**u-titi majiŋ  ʤa H.,?,*bí-ʃi:wa,-hjáŋ,bə̀-kwɛ́:kwɛ̀,*ka-bamba,?,?,*bí-ʃi:wa,?,"***u-ʤase,**ingeru",?,?,?,?,"ma-manʤa H., ku-gumna+","kà-kùlù, mə̀-ʃə̂m"
065.1,OIL PALM (ELAEIS GUINEENSIS),im-mai; kuʧanʃmanʤa; H. ku kwakwa,*-kun kwara,**u-titi majiŋ  ʤa H.,?,*bí-ʃi:wa,-hjáŋ,bə̀-kwɛ́:kwɛ̀,*ka-bamba,?,?,*bí-ʃi:wa,?,"***u-ʤase,**ingeru",?,?,?,?,"ma-manʤa H., ku-gumna+","kà-kùlù, mə̀-ʃə̂m"
112,TEN,kulidir *likure,kur,bìtúrú; rìkùrì,tangini,ʔupa,ó:pá,úpá,pɪ-nɪkɛranaba (dd); ɪkpiri (dc),ɔ̀p,turo (dd.); kɪrəu (dc.),ʔupa,lafa,kúrí,a-kere-(na)-ba (dd.); rɪpiri (dc),ri-kut,úpo,bitio,rikiri,kùpà
112,TEN,kulidir *likure,kur,bìtúrú; rìkùrì,tangini,ʔupa,ó:pá,úpá,pɪ-nɪkɛranaba (dd); ɪkpiri (dc),ɔ̀p,turo (dd.); kɪrəu (dc.),ʔupa,lafa,kúrí,a-kere-(na)-ba (dd.); rɪpiri (dc),ri-kut,úpo,bitio,rikiri,kùpà
103,ONE,*lu-ruŋ,(ka-)ndɔŋ,díŋkà,wondi,*hĩ́:a; ndɛ,ʧiŋ,hĩ,pi-ɪn ~ nu-ɥɪn ~ni-jin,ʧoon,ɪnde; diŋkɛ,*hĩ́:a; ndɛ,wandi,*din ~ lidi,inu ~ ruŋ ~lɪŋ ~gum,-doŋ ~ ri-,?,hini,?,-tè
103,ONE,*lu-ruŋ,(ka-)ndɔŋ,díŋkà,wondi,*hĩ́:a; ndɛ,ʧiŋ,hĩ,pi-ɪn ~ nu-ɥɪn ~ni-jin,ʧoon,ɪnde; diŋkɛ,*hĩ́:a; ndɛ,wandi,*din ~ lidi,inu ~ ruŋ ~lɪŋ ~gum,-doŋ ~ ri-,?,hini,?,-tè
108,SIX,ku-toʧin,a-ʧirɪm,tásé,tase,i-tunihi,"ʧíhèn, -ʧíhèŋ",ʧĩ́hĩ̀,pe-taʃe~ku-taʃi,ʧe:nt,tase,i-tunihi,tase,tásé,(ku-)taʃi,ti-ʧerɪm,"te,zo",taʃe,ku-tasi,-tə̀:lì
108,SIX,ku-toʧin,a-ʧirɪm,tásé,tase,i-tunihi,"ʧíhèn, -ʧíhèŋ",ʧĩ́hĩ̀,pe-taʃe~ku-taʃi,ʧe:nt,tase,i-tunihi,tase,tásé,(ku-)taʃi,ti-ʧerɪm,"te,zo",taʃe,ku-tasi,-tə̀:lì
047,GRASSHOPPER,kuʧin,?,bi-njun,?,?,émà,?,*diti,?,?,?,?,**urwata,?,?,?,?,ku-ʧinʧiŋ,kà-kjṹʔũ̀
047,GRASSHOPPER,kuʧin,?,bi-njun,?,?,émà,?,*diti,?,?,?,?,**urwata,?,?,?,?,ku-ʧinʧiŋ,kà-kjṹʔũ̀
022,COW/CATTLE,**fi-na; **kuluka,?,bì-vàrè,ku-na,*bi-na,?,bə̀-nɛ́ʔɛ̀,*pi-na,?,?,*bi-na,?,**be-nah,?,inna,?,bi-na,pi-nakhah; karimi,?
022,COW/CATTLE,**fi-na; **kuluka,?,bì-vàrè,ku-na,*bi-na,?,bə̀-nɛ́ʔɛ̀,*pi-na,?,?,*bi-na,?,**be-nah,?,inna,?,bi-na,pi-nakhah; karimi,?
060,MEAT,fi-nawa,nam;  *-nam,*bi-nama,?,*u:-zúmbo: a,nə́mə́,ì-dágù,ku-nʌma;,ə́r-ʔàp,bɪ-nama,*u:-zúmbo: a,i-nama,*bɪ-nama;,ka-nama,e-nam,?,i-nama,e-nama,vù-ɲámà
060,MEAT,fi-nawa,nam;  *-nam,*bi-nama,?,*u:-zúmbo: a,nə́mə́,ì-dágù,ku-nʌma;,ə́r-ʔàp,bɪ-nama,*u:-zúmbo: a,i-nama,*bɪ-nama;,ka-nama,e-nam,?,i-nama,e-nama,vù-ɲámà
074,"ROAST ON COALS, TO",uʤuʤu,*-bani; babbani,*diʃi,?,?,kàgə̀dsá; ɔ̀tɔ̀; zɔ̌,ndôsò,*pobo,ká:s; riʃ; zɔ́,?,?,?,**pavah,?,?,pòpà,?,popso tiʧeni,zàtskù
074,"ROAST ON COALS, TO",uʤuʤu,*-bani; babbani,*diʃi,?,?,kàgə̀dsá; ɔ̀tɔ̀; zɔ̌,ndôsò,*pobo,ká:s; riʃ; zɔ́,?,?,?,**pavah,?,?,pòpà,?,popso tiʧeni,zàtskù
106,FOUR,nnas,a-nas,nàzé,nazi,i-nəʃi,"nássé, ìná:sè",nó:ʃì,pe-nas~e-,na̍s,tɪ-naze,i-nəʃi,naze,-nááze,naz-o; tu-nas,ti-nas,la-naʃɛ̃́,naʤe,ka-nas,-nə́ʃì
106,FOUR,nnas,a-nas,nàzé,nazi,i-nəʃi,"nássé, ìná:sè",nó:ʃì,pe-nas~e-,na̍s,tɪ-naze,i-nəʃi,naze,-nááze,naz-o; tu-nas,ti-nas,la-naʃɛ̃́,naʤe,ka-nas,-nə́ʃì
036,EYE,li-zi; *ijizi,jɪs,rì-ʤí,leze (z?),e-jis,d-ìsə́,nǐ:-ʃɔ̀,nɪ-izi,ə̀rjíʃ,ɛ-ʤe,e-jis,le-ze,ní-jízí,ri-ʤi,rɪ-jɪs,rì-nìnì,e-ʤi,ri-jizi,kə́:-ʃì
036,EYE,li-zi; *ijizi,jɪs,rì-ʤí,leze (z?),e-jis,d-ìsə́,nǐ:-ʃɔ̀,nɪ-izi,ə̀rjíʃ,ɛ-ʤe,e-jis,le-ze,ní-jízí,ri-ʤi,rɪ-jɪs,rì-nìnì,e-ʤi,ri-jizi,kə́:-ʃì
023,CRAB,?,?,*uga-kara,?,?,àvà,ì-ʔwộ:ndù,*korokoro,ù-ʔáŋgàrá,?,?,?,**u-kanna,?,?,hí-kàgùwà,?,ku-puko,mà-kànà
023,CRAB,?,?,*uga-kara,?,?,àvà,ì-ʔwộ:ndù,*korokoro,ù-ʔáŋgàrá,?,?,?,**u-kanna,?,?,hí-kàgùwà,?,ku-puko,mà-kànà
114,TWENTY,akut aba,kur-aba,*akur repo,oro,*opá:li:e,də̀kwɛ̀zɛ̀,kùʤìjò,**a-ɸiri a-ba; *ar piri aba,ə́rkwɔ́:z̥,?,*opá:li:e,?,a̍-kúrá-rja,?,akunaba,alə́sə,uket turere,a-kiri a va,kà-màngà
114,TWENTY,akut aba,kur-aba,*akur repo,oro,*opá:li:e,də̀kwɛ̀zɛ̀,kùʤìjò,**a-ɸiri a-ba; *ar piri aba,ə́rkwɔ́:z̥,?,*opá:li:e,?,a̍-kúrá-rja,?,akunaba,alə́sə,uket turere,a-kiri a va,kà-màngà
084,SNAKE,fijij,jɔwi,bì-wá,?,hoʔa;  *á:-hu:a,òblâ,ìhwáʔà,onisalɪp,ù-ɸɔ́,bi-wa,hoʔa;  *á:-hu:a,?,bó-wá,beni,e-wok,h-joha,u-wa,pi-jowo,kó:kò
084,SNAKE,fijij,jɔwi,bì-wá,?,hoʔa;  *á:-hu:a,òblâ,ìhwáʔà,onisalɪp,ù-ɸɔ́,bi-wa,hoʔa;  *á:-hu:a,?,bó-wá,beni,e-wok,h-joha,u-wa,pi-jowo,kó:kò
072,"RESEMBLE, BE EQUAL TO","u-koma, (?) u-korna H?, a-di daidai H.",**ka hirjer,jinkana,?,?,-hòn-,?,"*kakama  H., *aʤi kumanu",?,?,?,?,"orkama  H., **urunde",?,?,?,?,terunturu wo; sutsunu wo,àkàmà  H.
072,"RESEMBLE, BE EQUAL TO","u-koma, (?) u-korna H?, a-di daidai H.",**ka hirjer,jinkana,?,?,-hòn-,?,"*kakama  H., *aʤi kumanu",?,?,?,?,"orkama  H., **urunde",?,?,?,?,terunturu wo; sutsunu wo,àkàmà  H.
027,DIE: DEATH,"u-ku, u-ku",?,*u-wanah,?,mo u:ɔ,wě,"‘wọ́, à-ʔújọ",*kuaw,már,?,mo u:ɔ,?,"ŋwan-e (ŋwa-ne?), **u-wyano",pə ~ kpə,hwu,u-wi,?,"kee, kaʤere",kùwə̀
027,DIE: DEATH,"u-ku, u-ku",?,*u-wanah,?,mo u:ɔ,wě,"‘wọ́, à-ʔújọ",*kuaw,már,?,mo u:ɔ,?,"ŋwan-e (ŋwa-ne?), **u-wyano",pə ~ kpə,hwu,u-wi,?,"kee, kaʤere",kùwə̀
058,"LICK, TO",lele,?,lama,?,?,lɛ̀msɛ́,?,*rianga,?,?,?,?,**utentse,?,?,lálàhá,?,mu-mu,pèɗè
058,"LICK, TO",lele,?,lama,?,?,lɛ̀msɛ́,?,*rianga,?,?,?,?,**utentse,?,?,lálàhá,?,mu-mu,pèɗè
055,"LEG, FOOT",ku-bunu,tak,ù-gbùnà,utu-buna (pl.?),e-bwonə,ù-ná,ù-və̀ǹà,ka-bona,ù-ná,o-buna,e-bwonə,tu-gbuna,ó-kaza,ka-bunu? ~ ka-buna,u-won,ú-kánà,u-bunu,ka-vina,kù-nè
055,"LEG, FOOT",ku-bunu,tak,ù-gbùnà,utu-buna (pl.?),e-bwonə,ù-ná,ù-və̀ǹà,ka-bona,ù-ná,o-buna,e-bwonə,tu-gbuna,ó-kaza,ka-bunu? ~ ka-buna,u-won,ú-kánà,u-bunu,ka-vina,kù-nè
101,WING,a-gilit,*afuka-fuki,*u-ganlun,?,?,ù-kàpó,ì-piã̀,*a-galle,ú-kə́kə́n,?,?,?,ù-gàrnâŋ,ku-vek,?,ú-pètà,?,o-gáŋné,kù-vèlù
101,WING,a-gilit,*afuka-fuki,*u-ganlun,?,?,ù-kàpó,ì-piã̀,*a-galle,ú-kə́kə́n,?,?,?,ù-gàrnâŋ,ku-vek,?,ú-pètà,?,o-gáŋné,kù-vèlù
090,"STONE, ROCK",li-tala,paŋ,rì-zùwà *ri-zuwa,ku-ʃali,tare,d-tà:rè,ì-tà:jà,nɪ-ta,ə́r-tā́r *o-taʔar,li-pɔ,tare,?,o-tale,lɪ-ta,"ri-pan , li-",ú-tárɛ,wu-tai,ri-kwag ku-pana,kà-tà:lì
090,"STONE, ROCK",li-tala,paŋ,rì-zùwà *ri-zuwa,ku-ʃali,tare,d-tà:rè,ì-tà:jà,nɪ-ta,ə́r-tā́r *o-taʔar,li-pɔ,tare,?,o-tale,lɪ-ta,"ri-pan , li-",ú-tárɛ,wu-tai,ri-kwag ku-pana,kà-tà:lì
095,TORTOISE,**kukulufet (H.?),*kukur,bì-gə̀ŋkə̀rə̀ní,?,u-ogʌl,kà:rò,ì-kwàkí:kə̀w,kakus,ú-ká:r,?,u-ogʌl,?,*u-kurki,?,?,hí-kpàgúlù,?,ka-kur kakur,mà-kpàgà
095,TORTOISE,**kukulufet (H.?),*kukur,bì-gə̀ŋkə̀rə̀ní,?,u-ogʌl,kà:rò,ì-kwàkí:kə̀w,kakus,ú-ká:r,?,u-ogʌl,?,*u-kurki,?,?,hí-kpàgúlù,?,ka-kur kakur,mà-kpàgà
113,FIFTEEN,likure nin nitau,*kur-na-tone,*rikurin ʃibi,tangini-o-ʃu,*ópa:  tá:a,ó:pá nìtâŋ,swà:gə̀tá,*ri-piri ar kiʃi,[ɔ̀pʊ̀tá:  n],?,*ópa:  tá:a,?,nə́-kúrí-n  óóʃi,?,?,úpócítõ,?,ri-kiri i-ʃi,gèndù; kùppá nàzátɔ̃̂
113,FIFTEEN,likure nin nitau,*kur-na-tone,*rikurin ʃibi,tangini-o-ʃu,*ópa:  tá:a,ó:pá nìtâŋ,swà:gə̀tá,*ri-piri ar kiʃi,[ɔ̀pʊ̀tá:  n],?,*ópa:  tá:a,?,nə́-kúrí-n  óóʃi,?,?,úpócítõ,?,ri-kiri i-ʃi,gèndù; kùppá nàzátɔ̃̂
102,"WOMAN, WIFE","uwani, uwani","-hu, *-huu","ò-wâj, ò-wájòhóŋ",amadaja (sg. = H. ?),bo-ə,"nètá, nètá",bùʔõi bùʔõi,o-ni-ɪ -kwa,*neʔa,u-nnɛ,bo-ə,ma-dai,bó-rái,pu-pa,u-kwo,?,"u-nuai, u-nuai",?,"vùkâ, vùkâ"
102,"WOMAN, WIFE","uwani, uwani","-hu, *-huu","ò-wâj, ò-wájòhóŋ",amadaja (sg. = H. ?),bo-ə,"nètá, nètá",bùʔõi bùʔõi,o-ni-ɪ -kwa,*neʔa,u-nnɛ,bo-ə,ma-dai,bó-rái,pu-pa,u-kwo,?,"u-nuai, u-nuai",?,"vùkâ, vùkâ"
037,"FALL, TO",u-diu,?,*rizi,?,mo: hine:i,?,*kina,*gigi,?,?,mo: hine:i,?,**rije,?,?,cenə,?,riggi,?
037,"FALL, TO",u-diu,?,*rizi,?,mo: hine:i,?,*kina,*gigi,?,?,mo: hine:i,?,**rije,?,?,cenə,?,riggi,?
081,SING,su avu,**ʃam,*gusa,?,?,?,zúŋgà,*jikaʃʃi,?,?,?,?,**janeh uwuno,?,?,?,?,sipsa,?
081,SING,su avu,**ʃam,*gusa,?,?,?,zúŋgà,*jikaʃʃi,?,?,?,?,**janeh uwuno,?,?,?,?,sipsa,?
115,HUNDRED,likalt,?,*rinu,reke,?,zə̀ŋgú,ìkwà:ku; dəri,*rina,ùzùŋgú,?,?,?,o-ta̍a̍dé,?,?,ri-noku,ikwi,ku-dari kure,?
115,HUNDRED,likalt,?,*rinu,reke,?,zə̀ŋgú,ìkwà:ku; dəri,*rina,ùzùŋgú,?,?,?,o-ta̍a̍dé,?,?,ri-noku,ikwi,ku-dari kure,?
067,"PIG (DOMESTIC, WILD)",kuladu; *ko-raŋga,ʤaŋ,"**alade, **biraŋ-aa",?,kaɗo,"àlɛ́dɛ̀, àlɛ́dɛ̀nɛ̀",?,ka-dɪm,?,bi-raŋga,kaɗo,?,*bɪ-dɪm,ka-dɪm,o-duaŋ,hí-ʃíʃibu,u-dima,"uvikah, i-nama, e-rimi",kù-ʤímâ
067,"PIG (DOMESTIC, WILD)",kuladu; *ko-raŋga,ʤaŋ,"**alade, **biraŋ-aa",?,kaɗo,"àlɛ́dɛ̀, àlɛ́dɛ̀nɛ̀",?,ka-dɪm,?,bi-raŋga,kaɗo,?,*bɪ-dɪm,ka-dɪm,o-duaŋ,hí-ʃíʃibu,u-dima,"uvikah, i-nama, e-rimi",kù-ʤímâ
083,SMELL (OF): SMELL (TR.),kunje,**gunni; *-gunak,"**un-ɲa, **un-ɲa tukuku",?,?,kwɛ̀smá,wúsúmònò; wúsúmónə́mà,*nukunu,wə́sɛ́,?,?,?,**uhija,?,?,ù-pùnò,?,u-jeg,"ʃà´ :mâ, tsúɱgbâ"
083,SMELL (OF): SMELL (TR.),kunje,**gunni; *-gunak,"**un-ɲa, **un-ɲa tukuku",?,?,kwɛ̀smá,wúsúmònò; wúsúmónə́mà,*nukunu,wə́sɛ́,?,?,?,**uhija,?,?,ù-pùnò,?,u-jeg,"ʃà´ :mâ, tsúɱgbâ"
087,TO SPIT,?,**tan  a-ʧiʧi,*ʧate taje,?,?,?,ə-tḿbi,*burkeja,?,?,?,?,**ʧefi,?,?,?,?,ʧitkara,ʤìrà
087,TO SPIT,?,**tan  a-ʧiʧi,*ʧate taje,?,?,?,ə-tḿbi,*burkeja,?,?,?,?,**ʧefi,?,?,?,?,ʧitkara,ʤìrà
098,WANT (DESIRE): LACK SEEK,"u-su; u-dimunba, usalin se, upiziru",bari,"u-barsa, **mda men no ne, **giŋ ag-rau",?,?,"tɔ̀nɔ̀, rásà  H.",gúmànà,"*in wanda; *indiba, *kankari",cɔn,ʤasu,?,?,"*tare, **u-zau",ʤasu,so  H.,á:-tà,?,"nsuni, u-zaar","cìgà, lə́nsə̂"
098,WANT (DESIRE): LACK SEEK,"u-su; u-dimunba, usalin se, upiziru",bari,"u-barsa, **mda men no ne, **giŋ ag-rau",?,?,"tɔ̀nɔ̀, rásà  H.",gúmànà,"*in wanda; *indiba, *kankari",cɔn,ʤasu,?,?,"*tare, **u-zau",ʤasu,so  H.,á:-tà,?,"nsuni, u-zaar","cìgà, lə́nsə̂"
094,TOOTH,*li-jini,jɪn,bì-ní,tin-je,e-jala  *lí:-ni:e ni:e,ʊ-nì:ně,nì-ɲíɲù,u-baŋgo,"ù-jín, ù-nín",lɪ-hini,e-jala  *lí:-ni:e ni:e,?,né-jéné,u-baŋgo,ri-ʤɪn,rè-nũ̀hĩ̀,i-inni,pi-jini,kà-ngà
094,TOOTH,*li-jini,jɪn,bì-ní,tin-je,e-jala  *lí:-ni:e ni:e,ʊ-nì:ně,nì-ɲíɲù,u-baŋgo,"ù-jín, ù-nín",lɪ-hini,e-jala  *lí:-ni:e ni:e,?,né-jéné,u-baŋgo,ri-ʤɪn,rè-nũ̀hĩ̀,i-inni,pi-jini,kà-ngà
057,"LIE DOWN, STRETCH ONESELF, SLEEP, TO","u-no, u-nato umon",?,"tete, witu",?,"mo: ʃindiga:ne, le:ʧi","lə̀tə́, lə́və̀","gáɟìgà, kínànlá","*danogo, *kanon","rə́t, réwɛ́",?,"mo: ʃindiga:ne, le:ʧi",?,**rarah,?,?,hìnə́,?,nomo,và:kù
057,"LIE DOWN, STRETCH ONESELF, SLEEP, TO","u-no, u-nato umon",?,"tete, witu",?,"mo: ʃindiga:ne, le:ʧi","lə̀tə́, lə́və̀","gáɟìgà, kínànlá","*danogo, *kanon","rə́t, réwɛ́",?,"mo: ʃindiga:ne, le:ʧi",?,**rarah,?,?,hìnə́,?,nomo,và:kù
029,"DRAW (WATER), TO",u-tiw,?,*tuka,?,?,?,?,?,?,?,?,?,**jenta,?,?,?,?,min,?
029,"DRAW (WATER), TO",u-tiw,?,*tuka,?,?,?,?,?,?,?,?,?,**jenta,?,?,?,?,min,?
066,PERSON,o-net,sai,o-no,?,bo-tɔ,nòcó,vá:tu,(m)o-nɪr,-nɛ́t,o-no,bo-tɔ,uk-wari,*bu-gana,pɪ-nɪrɪgara,u-ʃie,undo (?),u-no,pijer,vùmà
066,PERSON,o-net,sai,o-no,?,bo-tɔ,nòcó,vá:tu,(m)o-nɪr,-nɛ́t,o-no,bo-tɔ,uk-wari,*bu-gana,pɪ-nɪrɪgara,u-ʃie,undo (?),u-no,pijer,vùmà
107,FIVE,n-ntaun,a-tuon,ʃíbí,ʃu,i-taʔa,táŋ; ìtâŋ,tá,pi-ʃi ( ~ɪpi- ~kɪ- ~gɪ- ~kɪ-ʃik),tá:n,ʧibi,i-taʔa,su,-ʃí,"i-ʃik-o, kɪ-ʃi",tɪ-tan-aŋ ~a-,lá-ɔ̃̀,ʃibi,ki-ʃi,-tã́ũ
107,FIVE,n-ntaun,a-tuon,ʃíbí,ʃu,i-taʔa,táŋ; ìtâŋ,tá,pi-ʃi ( ~ɪpi- ~kɪ- ~gɪ- ~kɪ-ʃik),tá:n,ʧibi,i-taʔa,su,-ʃí,"i-ʃik-o, kɪ-ʃi",tɪ-tan-aŋ ~a-,lá-ɔ̃̀,ʃibi,ki-ʃi,-tã́ũ
078,"TRAP, TO SET A",u-tu injan,**a-tsir tarko (n. = H.),*o-gero,?,?,rènà,?,*mage bumai,?,?,?,?,**renkeh-ubuma,?,?,?,?,ta za abaŋ,àzkù
078,"TRAP, TO SET A",u-tu injan,**a-tsir tarko (n. = H.),*o-gero,?,?,rènà,?,*mage bumai,?,?,?,?,**renkeh-ubuma,?,?,?,?,ta za abaŋ,àzkù
040,FEMALE,u-nit,?,*u-wai,umade,?,?,bùoˋi:,*konarumi,?,?,?,?,**behaviour (?),?,?,ù-dɔ̀nɔ̀bà-,?,ki-sihaŋ,vù-ká
040,FEMALE,u-nit,?,*u-wai,umade,?,?,bùoˋi:,*konarumi,?,?,?,?,**behaviour (?),?,?,ù-dɔ̀nɔ̀bà-,?,ki-sihaŋ,vù-ká
085,SONG,avu,**a-ʃamzi  a  ʃam,*i-rina,?,hazəg,?,?,?,?,?,hazəg,?,**uwuno,?,?,?,?,ku-siva,vù-ʃìpà
085,SONG,avu,**a-ʃamzi  a  ʃam,*i-rina,?,hazəg,?,?,?,?,?,hazəg,?,**uwuno,?,?,?,?,ku-siva,vù-ʃìpà
089,"STICKY, TO BE","u-danku  H., **gangan",**a-nabti,*madaki,?,?,?,?,*madabana,?,?,?,?,**uʧiru,?,?,?,?,igamban,?
089,"STICKY, TO BE","u-danku  H., **gangan",**a-nabti,*madaki,?,?,?,?,*madabana,?,?,?,?,**uʧiru,?,?,?,?,igamban,?
054,"KILL, TO",u-moku,?,?,?,-ʃilan-,?,?,*ma-pa,?,?,-ʃilan-,?,**weh,?,?,?,?,kuke,?
054,"KILL, TO",u-moku,?,?,?,-ʃilan-,?,?,*ma-pa,?,?,-ʃilan-,?,**weh,?,?,?,?,kuke,?
097,TWIN,i-bari,**a-pijas,*in bara,?,?,wà rús-ù,?,*i-pana,?,?,?,?,**nm-bara,?,?,?,?,ma-va,mpeʃe
097,TWIN,i-bari,**a-pijas,*in bara,?,?,wà rús-ù,?,*i-pana,?,?,?,?,**nm-bara,?,?,?,?,ma-va,mpeʃe
063,NAME,li-sa,sak,rì-ʤí,?,?,dìnə́,nə̀-zóʔò,*ri-zene,ə̀r-ʤín,?,?,?,né-síjá,ri-ʤɛnne,rɪ-sak (rɪsak ?),r-inə,?,ri-zagij,kù-là
063,NAME,li-sa,sak,rì-ʤí,?,?,dìnə́,nə̀-zóʔò,*ri-zene,ə̀r-ʤín,?,?,?,né-síjá,ri-ʤɛnne,rɪ-sak (rɪsak ?),r-inə,?,ri-zagij,kù-là
010,BELLY,li-buri,pi,ì-púrú,?,*mo-ʧe:aŋgu,d-bə̀tə̀,cīmbə̀lɔ̀,ku-buri,ə́t-mɛ́n,ɛ-puru,*mo-ʧe:aŋgu,?,te-níjáŋá,ku-buri,kɪ-hɛk; u-buro,rí-pò,u-buri,ri-viri,kə̀-tsùmə̀
010,BELLY,li-buri,pi,ì-púrú,?,*mo-ʧe:aŋgu,d-bə̀tə̀,cīmbə̀lɔ̀,ku-buri,ə́t-mɛ́n,ɛ-puru,*mo-ʧe:aŋgu,?,te-níjáŋá,ku-buri,kɪ-hɛk; u-buro,rí-pò,u-buri,ri-viri,kə̀-tsùmə̀
116,FOUR HUNDRED,akalt anas,nak-anas,*sinu sinaze,?,?,?,?,*anna nas,?,?,?,?,n-taadé-ǹ nááze,?,?,a-naka-naʃe,?,ma-dari ma-va,?
116,FOUR HUNDRED,akalt anas,nak-anas,*sinu sinaze,?,?,?,?,*anna nas,?,?,?,?,n-taadé-ǹ nááze,?,?,a-naka-naʃe,?,ma-dari ma-va,?
115.1,TWO HUNDRED,akalt aba,nak-aba,sinu serpo,?,?,?,?,?,?,?,?,?,*tadie mɪ-ria; *a-jini a-ria,?,?,?,?,?,ùkpàkù
115.1,TWO HUNDRED,akalt aba,nak-aba,sinu serpo,?,?,?,?,?,?,?,?,?,*tadie mɪ-ria; *a-jini a-ria,?,?,?,?,?,ùkpàkù
044,"FRY, TO BAKE IN ASHES, TO","**lawa, u-ʤuʤu",?,?,?,?,?,wátə̀gà,*raga,?,?,?,?,"**njaga, pavah",?,?,?,?,"toja (H.), murwuru+an+tee",?
044,"FRY, TO BAKE IN ASHES, TO","**lawa, u-ʤuʤu",?,?,?,?,?,wátə̀gà,*raga,?,?,?,?,"**njaga, pavah",?,?,?,?,"toja (H.), murwuru+an+tee",?
014,CALABASH,ki-ʃik,?,*e-so,u-ra,e-hongu; *i-koa:ra,ì-hònò,bùgwɛ̀:gwɛ̀,*kake,ə́r-kɔ́k,?,e-hongu; *i-koa:ra,?,ne-ʤááró,?,?,hí-nɔ̀í-,?,ki-sep,mò-kóʔò
014,CALABASH,ki-ʃik,?,*e-so,u-ra,e-hongu; *i-koa:ra,ì-hònò,bùgwɛ̀:gwɛ̀,*kake,ə́r-kɔ́k,?,e-hongu; *i-koa:ra,?,ne-ʤááró,?,?,hí-nɔ̀í-,?,ki-sep,mò-kóʔò
086,"SPEAK, TO",u-liru,*raba; *zi-bin,*banu,?,*(mi:)*ʧúza:ma,ìgmə̂,?,**woro; **lelikja; **miga,zɛ́ʔ; rɔ́r; tɛ́pɛ́r,?,*(mi:)*ʧúza:ma,?,asa (na-sa  ?),?,?,wopə,?,vere,dã̀sà
086,"SPEAK, TO",u-liru,*raba; *zi-bin,*banu,?,*(mi:)*ʧúza:ma,ìgmə̂,?,**woro; **lelikja; **miga,zɛ́ʔ; rɔ́r; tɛ́pɛ́r,?,*(mi:)*ʧúza:ma,?,asa (na-sa  ?),?,?,wopə,?,vere,dã̀sà
043,CHICKEN/FOWL,*ko-koro,kɔr (?),bì-tókóró,?,woa:roma,kə́cì,*i-janḿa,kuru,ù-kjît,bi-tukoro,woa:roma,?,bə-tóórò,kuru?  kura,o-kur,hí-tálkɔ̀í-,-tokoro,-kukuru,mò-tòkù
043,CHICKEN/FOWL,*ko-koro,kɔr (?),bì-tókóró,?,woa:roma,kə́cì,*i-janḿa,kuru,ù-kjît,bi-tukoro,woa:roma,?,bə-tóórò,kuru?  kura,o-kur,hí-tálkɔ̀í-,-tokoro,-kukuru,mò-tòkù
042,FOREST (BUSH),"a-ʧa (pl.), ku-liri",?,ò-ʤà,?,*o:-ri:aba,?,ì-kúrmì (H.),ka-jiri,?,?,*o:-ri:aba,?,**n-dareh,?,?,?,?,karimi (H.),?
042,FOREST (BUSH),"a-ʧa (pl.), ku-liri",?,ò-ʤà,?,*o:-ri:aba,?,ì-kúrmì (H.),ka-jiri,?,?,*o:-ri:aba,?,**n-dareh,?,?,?,?,karimi (H.),?
064,NIGHT: DAY OF 24 HOURS,ki-tik,"tuk, wəi","ə̀tìtìjə̀, òŋmè","lahare, ufin; ufin agoto","*á-gítã, *ɔ́:hõhõ","gjòpó, s- (ø(m)/s-)",ìŋhwúlà,"kɪ-tuk, lɪ-katta",?,"lie, suru-wəi (o-wəi = ‘sun’)","*á-gítã, *ɔ́:hõhõ",lahare,nə́-máré,"kɪ-tuk, ɪ-mɛŋme","kɪ-tuk, u-vie",a-kipɔ,"uuna, anungme",ka-tuk,"kã́j,ĩ̀"
064,NIGHT: DAY OF 24 HOURS,ki-tik,"tuk, wəi","ə̀tìtìjə̀, òŋmè","lahare, ufin; ufin agoto","*á-gítã, *ɔ́:hõhõ","gjòpó, s- (ø(m)/s-)",ìŋhwúlà,"kɪ-tuk, lɪ-katta",?,"lie, suru-wəi (o-wəi = ‘sun’)","*á-gítã, *ɔ́:hõhõ",lahare,nə́-máré,"kɪ-tuk, ɪ-mɛŋme","kɪ-tuk, u-vie",a-kipɔ,"uuna, anungme",ka-tuk,"kã́j,ĩ̀"
062,"MOUNT, TO",u-anu,*namgiʧe; **warki,*njana,?,?,sàkà,dídànà,**tuga:,da̍,?,?,?,**njanah,?,?,noná,?,tuwa,kùmbà
062,"MOUNT, TO",u-anu,*namgiʧe; **warki,*njana,?,?,sàkà,dídànà,**tuga:,da̍,?,?,?,**njanah,?,?,noná,?,tuwa,kùmbà
080,"SHINE, BE LIGHT, BE WHITE TO","uwaltu, ula, ubo",kenim,"*wuna, *u-ra (n. ?), **u-ruŋ",?,ʧene,?,ìtàshì,"*buka, *u-zebi, **ka buk",?,?,ʧene,?,"**nsah, *rɔmbo (is-)",buk,kane (‘is-’),?,?,anpeze; samte,"àkànà, ə́rmə̂"
080,"SHINE, BE LIGHT, BE WHITE TO","uwaltu, ula, ubo",kenim,"*wuna, *u-ra (n. ?), **u-ruŋ",?,ʧene,?,ìtàshì,"*buka, *u-zebi, **ka buk",?,?,ʧene,?,"**nsah, *rɔmbo (is-)",buk,kane (‘is-’),?,?,anpeze; samte,"àkànà, ə́rmə̂"
048,"GROW, BECOME STRONG, TO","akara, u-kunʤu",?,"*bare, *agata",?,?,gùbù,?,"*kuna, *tukuna",?,?,?,?,"**hara+nkor, **gasa+nkor",?,?,?,?,usisazu,gbòngùrò
048,"GROW, BECOME STRONG, TO","akara, u-kunʤu",?,"*bare, *agata",?,?,gùbù,?,"*kuna, *tukuna",?,?,?,?,"**hara+nkor, **gasa+nkor",?,?,?,?,usisazu,gbòngùrò
039,FEAR,fiw,?,*i-wi,?,?,ə̀v-gyèlà (v.),?,matau,?,?,?,?,*u-wageh,?,?,?,?,u-ke-u,wõ̀vò
039,FEAR,fiw,?,*i-wi,?,?,ə̀v-gyèlà (v.),?,matau,?,?,?,?,*u-wageh,?,?,?,?,u-ke-u,wõ̀vò
110,EIGHT,kuliv,a-wur,úrú,riju,i-totato,jə́:rù,tíndátù,ko-nas ~ ku-,ʔé:r,uro,i-totato,bəsanaze,ríré,(ku-)na-nas,u-wur,dálànzɔ,ru,ku-tasi a iva,kúnlə̀i
110,EIGHT,kuliv,a-wur,úrú,riju,i-totato,jə́:rù,tíndátù,ko-nas ~ ku-,ʔé:r,uro,i-totato,bəsanaze,ríré,(ku-)na-nas,u-wur,dálànzɔ,ru,ku-tasi a iva,kúnlə̀i
019,"COOL, BE(COME) TO",u-lanzu tutuwui,?,*nara tene,?,?,tùdú,?,inrakwu sanji (H.),gwə́rɛ́,?,?,?,*tewai; u-sanji (H.) (?),?,?,?,?,wa-na; zu-wu,tə̀:xə̀
019,"COOL, BE(COME) TO",u-lanzu tutuwui,?,*nara tene,?,?,tùdú,?,inrakwu sanji (H.),gwə́rɛ́,?,?,?,*tewai; u-sanji (H.) (?),?,?,?,?,wa-na; zu-wu,tə̀:xə̀
004,ARROW,u-ʧilak; *o-ʧellak,a-tsɪr,ù-vìrà,hu-ila,e-ʔel,-dè:la,nì-ʔìlà,u-kɪlla,ə́rʔɛ́r,oira,e-ʔel,?,*ɔ-wila,wu-kɪrra,u-ʧɪr,rí-bábɛ̀,ka-wija,u-ʧira,kà-jàʔà
004,ARROW,u-ʧilak; *o-ʧellak,a-tsɪr,ù-vìrà,hu-ila,e-ʔel,-dè:la,nì-ʔìlà,u-kɪlla,ə́rʔɛ́r,oira,e-ʔel,?,*ɔ-wila,wu-kɪrra,u-ʧɪr,rí-bábɛ̀,ka-wija,u-ʧira,kà-jàʔà
111,NINE,kutivi,ʃa-dɔŋ,toroj,unnanasi,i-tińdəsi,dó:rè  ìdó:rè,tíndíʃì,pe-tɔrore ~ ko-tɔrɔre,ʤírɔ̀,toroəi,i-tińdəsi,bita gene,tárá  (H.),kiʃa-nuas,u-sɔtat,látànàʃẽ́,tɔrwai,ku-tasi a i-tar,kùʧì
111,NINE,kutivi,ʃa-dɔŋ,toroj,unnanasi,i-tińdəsi,dó:rè  ìdó:rè,tíndíʃì,pe-tɔrore ~ ko-tɔrɔre,ʤírɔ̀,toroəi,i-tińdəsi,bita gene,tárá  (H.),kiʃa-nuas,u-sɔtat,látànàʃẽ́,tɔrwai,ku-tasi a i-tar,kùʧì
001,ANIMAL,fɪ-nawa,nam,bì-námá,kori/a-koraja,bi-nemi,nə̀:mə̂ (ø-(v),bì-nî,ku-nʌma,?,bɪ-nama,bi-nemi,u-leme,bɪ-nama,ka-nama,e-nam,hi-nama,i-nama,e-nama,mà-námà
001,ANIMAL,fɪ-nawa,nam,bì-námá,kori/a-koraja,bi-nemi,nə̀:mə̂ (ø-(v),bì-nî,ku-nʌma,?,bɪ-nama,bi-nemi,u-leme,bɪ-nama,ka-nama,e-nam,hi-nama,i-nama,e-nama,mà-námà
051,HEART,a-ji,hwada,bìrìwà,?,e-koko,k-dɛ̀bɛ̀,bə̀-gɛ́tɛ̀,nɪ-so,ə́r-húr,ɛ-roba,e-koko,jaɲe,nə́-sɔ́bɔ́,kaʧi karɪʃja,ri-roŋ,hì-tsùmù,e-riba,ri-rup,kə̀-ɗú
051,HEART,a-ji,hwada,bìrìwà,?,e-koko,k-dɛ̀bɛ̀,bə̀-gɛ́tɛ̀,nɪ-so,ə́r-húr,ɛ-roba,e-koko,jaɲe,nə́-sɔ́bɔ́,kaʧi karɪʃja,ri-roŋ,hì-tsùmù,e-riba,ri-rup,kə̀-ɗú
030,"BECOME DRY, TO",u-kotu,?,*wa,?,i-ho:so,"hwà, hɔ̌",hə́ˋgə̀ˋlə́ˋ,*ki-za,fwɔ́,?,i-ho:so,?,**u-wijaror,?,?,lúnà,?,ro-wo,ɗè:kpè
030,"BECOME DRY, TO",u-kotu,?,*wa,?,i-ho:so,"hwà, hɔ̌",hə́ˋgə̀ˋlə́ˋ,*ki-za,fwɔ́,?,i-ho:so,?,**u-wijaror,?,?,lúnà,?,ro-wo,ɗè:kpè
018,COME OUT,u-nuzu,ru(?),*suru,?,?,rwə́ŋ; rwə́,?,pizə (?),rwə́n; rúbɛ́ (!),?,?,?,kale (?),piʤi (?),"ros(?), ro(?)",útà,?,ʧira,ùtə̀
018,COME OUT,u-nuzu,ru(?),*suru,?,?,rwə́ŋ; rwə́,?,pizə (?),rwə́n; rúbɛ́ (!),?,?,?,kale (?),piʤi (?),"ros(?), ro(?)",útà,?,ʧira,ùtə̀
052,HEAVY,ge-tek,kupas,*denden,?,?,m̀ní,ìʒə̃́:tọ̀,*u-zzebi,ə́s-nə́,?,?,?,**umanu,-ʤɪp (?),lɛktɛk,é-nʤènʤí,?,u-zip,ə̀mìkì
052,HEAVY,ge-tek,kupas,*denden,?,?,m̀ní,ìʒə̃́:tọ̀,*u-zzebi,ə́s-nə́,?,?,?,**umanu,-ʤɪp (?),lɛktɛk,é-nʤènʤí,?,u-zip,ə̀mìkì
028,"DIVIDE, SHARE OUT, TO",koso,?,*wara,?,?,wàn kâ,ŋgámâŋgà,*gawa,wóŋk,?,?,?,**hara,?,?,pòrkà,?,gan zar,pè:cè
028,"DIVIDE, SHARE OUT, TO",koso,?,*wara,?,?,wàn kâ,ŋgámâŋgà,*gawa,wóŋk,?,?,?,**hara,?,?,pòrkà,?,gan zar,pè:cè
100,WATER,inwen,niŋ,mə̀ɲí,moni,mńi,m̀hɔ̀ (:),mò,mńi,ə̀mhɔ́ʔ (ɔ̃ ?); ə̀mmíʔ,manji,mńi,mani,*mɪni,mńi,mɪnɪŋ,?,mani,?,mìnì
100,WATER,inwen,niŋ,mə̀ɲí,moni,mńi,m̀hɔ̀ (:),mò,mńi,ə̀mhɔ́ʔ (ɔ̃ ?); ə̀mmíʔ,manji,mńi,mani,*mɪni,mńi,mɪnɪŋ,?,mani,?,mìnì
006,ASK (A QUESTION),u-tirimi,zenak (?),*sanjara,?,?,ìpkə̂,tə́ˋ:mbə́ǹə́ˋ,ribi,cít,?,?,?,jaas-,ribi,as(?),bípə̀,?,rivi; u-tambaja (H.),è:cè
006,ASK (A QUESTION),u-tirimi,zenak (?),*sanjara,?,?,ìpkə̂,tə́ˋ:mbə́ǹə́ˋ,ribi,cít,?,?,?,jaas-,ribi,as(?),bípə̀,?,rivi; u-tambaja (H.),è:cè
034,ELEPHANT,*fe-ro,ruwa,bèró,?,u-gjo,lɔ̀gmɔ̂,ìgyĩ̀wà,pɪ-rɔgɔ,ù-rɔ́k,bi-rɔ,u-gjo,?,bə́-rwaga,kɪ-rɔgɔ,u-rɔ,hí-lə̌llə́,bi-rɔ,pi-kaie,kà-gìwà
034,ELEPHANT,*fe-ro,ruwa,bèró,?,u-gjo,lɔ̀gmɔ̂,ìgyĩ̀wà,pɪ-rɔgɔ,ù-rɔ́k,bi-rɔ,u-gjo,?,bə́-rwaga,kɪ-rɔgɔ,u-rɔ,hí-lə̌llə́,bi-rɔ,pi-kaie,kà-gìwà
075,"ROT, TO",?,?,*iʃu,?,?,zə̀mə́,hwə́sò,"*baza, **bazo:",wə́m,?,?,?,***u-ʧwise,?,?,?,?,vuzo,?
075,"ROT, TO",?,?,*iʃu,?,?,zə̀mə́,hwə́sò,"*baza, **bazo:",wə́m,?,?,?,***u-ʧwise,?,?,?,?,vuzo,?
049,GUINEA-FOWL,**ku-det,?,bì-rój,?,i-rjɛgu,rjògò,ì-làgù,pirobi,ù-kɔ̂t,?,i-rjɛgu,?,rwaba,?,?,hí-cɔ̀kcɔ́,?,ku-rovuo,kà-ɗàkù
049,GUINEA-FOWL,**ku-det,?,bì-rój,?,i-rjɛgu,rjògò,ì-làgù,pirobi,ù-kɔ̂t,?,i-rjɛgu,?,rwaba,?,?,hí-cɔ̀kcɔ́,?,ku-rovuo,kà-ɗàkù
016,CHARCOAL,ti-ʧimi,?,*tene,?,bi:-rono,?,ìnjìndɔ̀,?,?,?,bi:-rono,?,*nnine,?,?,?,?,ti-ʧeni (?),?
016,CHARCOAL,ti-ʧimi,?,*tene,?,bi:-rono,?,ìnjìndɔ̀,?,?,?,bi:-rono,?,*nnine,?,?,?,?,ti-ʧeni (?),?
013,"BUILD, TO (CF. SEW)",u-ke,?,?,?,?,mǎ,mâ:ŋgà,tumu ~ tum,ma̍,?,?,?,*ʤag,tumu ~ tun (?),"sur, sɔr",?,?,masuwa,màʔà
013,"BUILD, TO (CF. SEW)",u-ke,?,?,?,?,mǎ,mâ:ŋgà,tumu ~ tum,ma̍,?,?,?,*ʤag,tumu ~ tun (?),"sur, sɔr",?,?,masuwa,màʔà
033,EGG,li-kwai (<H.); *li-pai,ʧi kɔr,rì-ŋmwà,?,le:-nge,d-gjàŋ,nìˋ-ŋgjà,nɪ-kpa,ə́rgjɛ́,ni-wa,le:-nge,?,nə́-ŋmwá,lɪ-pa,ri-ʧe,rɛ-rɛ,i-ngma,ri-kwa,kò-kòwò
033,EGG,li-kwai (<H.); *li-pai,ʧi kɔr,rì-ŋmwà,?,le:-nge,d-gjàŋ,nìˋ-ŋgjà,nɪ-kpa,ə́rgjɛ́,ni-wa,le:-nge,?,nə́-ŋmwá,lɪ-pa,ri-ʧe,rɛ-rɛ,i-ngma,ri-kwa,kò-kòwò
096,TREE,ku-ʧa,a-kun,u-titi,ta-ʧi,u-əə; *ó:-õõ,cě,ì’à’ù,ku-ʧi,ù-cé,o-titi,u-əə; *ó:-õõ,ti-ʃi,ú-tí,kɪ-ʧi,ɔ-kun~u-,ú-cə̃̀,u-ti,ka-ti,mà-ɗáŋgà
096,TREE,ku-ʧa,a-kun,u-titi,ta-ʧi,u-əə; *ó:-õõ,cě,ì’à’ù,ku-ʧi,ù-cé,o-titi,u-əə; *ó:-õõ,ti-ʃi,ú-tí,kɪ-ʧi,ɔ-kun~u-,ú-cə̃̀,u-ti,ka-ti,mà-ɗáŋgà
011,BITE,u-kifinu,kas,*ruma,?,?,ɛ̀:pɛ̀,?,kata,ha̍w,rumza ~ ruma (?),?,?,*lɔmze; kɔlɔma,kaza- ~ kata-,jebɪn,kə́pə̀nə̀,manju,kaɛka,lùmà
011,BITE,u-kifinu,kas,*ruma,?,?,ɛ̀:pɛ̀,?,kata,ha̍w,rumza ~ ruma (?),?,?,*lɔmze; kɔlɔma,kaza- ~ kata-,jebɪn,kə́pə̀nə̀,manju,kaɛka,lùmà
005,ASHES,in-ton,?,ǹ-tó,?,mu-oto,m-tɔ́ŋ,"ìnta, $",*in-ʧe,?,?,mu-oto,?,ń-twá,?,?,másákáyã̀,?,an-tse,kò-kòmò
005,ASHES,in-ton,?,ǹ-tó,?,mu-oto,m-tɔ́ŋ,"ìnta, $",*in-ʧe,?,?,mu-oto,?,ń-twá,?,?,másákáyã̀,?,an-tse,kò-kòmò
076,RUBBISH-HEAP,kuwun tizun ʃara,**ingjoge jiezia: a:jijen,**u-gaŋ-ɲe,?,?,?,?,?,?,?,?,?,**ni-ʧinge,?,?,?,?,maguza,kə̀kí:zə̂
076,RUBBISH-HEAP,kuwun tizun ʃara,**ingjoge jiezia: a:jijen,**u-gaŋ-ɲe,?,?,?,?,?,?,?,?,?,**ni-ʧinge,?,?,?,?,maguza,kə̀kí:zə̂
025,"DANCE, TO","**su  a-vu, a-vu",?,*gari  i-rina,?,ci-hjebu,hèvá,"h’íbà, nə̀-gàmà","*u-baja, *u-baja",hɛ́w,?,ci-hjebu,?,ɔ́-rígá,?,?,rùmèkà,?,"jekhah, ku-jiga",jèʔè
025,"DANCE, TO","**su  a-vu, a-vu",?,*gari  i-rina,?,ci-hjebu,hèvá,"h’íbà, nə̀-gàmà","*u-baja, *u-baja",hɛ́w,?,ci-hjebu,?,ɔ́-rígá,?,?,rùmèkà,?,"jekhah, ku-jiga",jèʔè
117,THOUSAND,?,**nák kurru,*sinu nkuri,?,?,zə̀ŋgú  ʔó:pá,?,*rina rig,?,?,?,?,o-dúbú  H.,?,?,údubu H.,?,-dari ri-kiri,?
117,THOUSAND,?,**nák kurru,*sinu nkuri,?,?,zə̀ŋgú  ʔó:pá,?,*rina rig,?,?,?,?,o-dúbú  H.,?,?,údubu H.,?,-dari ri-kiri,?
031,EAR,*kɔ-tɔf,?,ò-tóŋí,?,a-tobi,?,ì-câ,ku-to,?,o-tɔi,a-tobi,ta-ttɔ,*ɔ-tɔ,a-to  (? pl.),?,?,u-tawai,?,?
031,EAR,*kɔ-tɔf,?,ò-tóŋí,?,a-tobi,?,ì-câ,ku-to,?,o-tɔi,a-tobi,ta-ttɔ,*ɔ-tɔ,a-to  (? pl.),?,?,u-tawai,?,?
009,BEG (ASK FOR S.T.),uroko (< H.),?,?,?,(mi:) roko:,kòná,?,?,?,?,(mi:) roko:,?,*rokoh (< H.),?,?,hútá,?,rivi,?
009,BEG (ASK FOR S.T.),uroko (< H.),?,?,?,(mi:) roko:,kòná,?,?,?,?,(mi:) roko:,?,*rokoh (< H.),?,?,hútá,?,rivi,?
069,QUARREL,su kubun kubun,**vuntsi,*u-kara,?,?,?,?,?,?,?,?,?,**awen,?,?,?,?,manpomono mapomono,ʃìlkə̀
069,QUARREL,su kubun kubun,**vuntsi,*u-kara,?,?,?,?,?,?,?,?,?,**awen,?,?,?,?,manpomono mapomono,ʃìlkə̀
050,HEAD,li-ti,ʧi,rè-té,?,e-to,d-hí,bù-kwɛ̀ŋgjè,ni-ʧe,ər-hí,lɪ-ʧe,e-to,u-kpai,ní- ʧíjé,lɪ-ʧi,lɪ-te (? rɪ-),rì-ʃìtə̀,i-te,ri-ti,kà-cí
050,HEAD,li-ti,ʧi,rè-té,?,e-to,d-hí,bù-kwɛ̀ŋgjè,ni-ʧe,ər-hí,lɪ-ʧe,e-to,u-kpai,ní- ʧíjé,lɪ-ʧi,lɪ-te (? rɪ-),rì-ʃìtə̀,i-te,ri-ti,kà-cí
020,CORPSE,**libi,?,?,?,i-ʔu,?,*ì-gà:wà,?,ə̀rʔú,?,i-ʔu,?,*nekorror,?,?,?,?,wuna,?
020,CORPSE,**libi,?,?,?,i-ʔu,?,*ì-gà:wà,?,ə̀rʔú,?,i-ʔu,?,*nekorror,?,?,?,?,wuna,?
065,FAN PALM (BORASSUS AETHIOPUM),im-mai; kuʧanʃmanʤa; H. ku kwakwa,*-kun kwara,**u-titi majiŋ  ʤa H.,?,*bí-ʃi:wa,-újáŋ,bə̀-kwɛ́:kwɛ̀,*ka-bamba,?,?,*bí-ʃi:wa,?,"***u-ʤase,**ingeru",?,?,hí-kɔ́lɔ̀,?,"ma-manʤa H., ku-gumna+","kà-kùlù,mə̀-ʃə̂m"
065,FAN PALM (BORASSUS AETHIOPUM),im-mai; kuʧanʃmanʤa; H. ku kwakwa,*-kun kwara,**u-titi majiŋ  ʤa H.,?,*bí-ʃi:wa,-újáŋ,bə̀-kwɛ́:kwɛ̀,*ka-bamba,?,?,*bí-ʃi:wa,?,"***u-ʤase,**ingeru",?,?,hí-kɔ́lɔ̀,?,"ma-manʤa H., ku-gumna+","kà-kùlù,mə̀-ʃə̂m"
041,FIREWOOD,a-ʧan-la,?,títí,?,*jɛ:ɔ̃,cé cə̀ŋ hwèlá,?,*ma-ʧi,?,?,*jɛ:ɔ̃,?,**tihtíh,?,?,ú-cə̃̀,?,titie,mà-ɗángà
041,FIREWOOD,a-ʧan-la,?,títí,?,*jɛ:ɔ̃,cé cə̀ŋ hwèlá,?,*ma-ʧi,?,?,*jɛ:ɔ̃,?,**tihtíh,?,?,ú-cə̃̀,?,titie,mà-ɗángà
093,"TONGUE, LANGUAGE","li-lem, timap","¥am, *-rakut","ǹ-léŋ, *e-boze",?,á-rjĩn,d-rémé,"àɲà:tu, ʧìgánə̀ŋgà","pɪ-¥ɛm, *u-jare",ə̀l-lém,lɪ-lɛm,á-rjĩn,ja-lim,né-njám**ti-jare,pɪ-lim,u-lɛm,rí-lùmè,i-liam,"di-rem, tivervene",kèléntsû
093,"TONGUE, LANGUAGE","li-lem, timap","¥am, *-rakut","ǹ-léŋ, *e-boze",?,á-rjĩn,d-rémé,"àɲà:tu, ʧìgánə̀ŋgà","pɪ-¥ɛm, *u-jare",ə̀l-lém,lɪ-lɛm,á-rjĩn,ja-lim,né-njám**ti-jare,pɪ-lim,u-lɛm,rí-lùmè,i-liam,"di-rem, tivervene",kèléntsû
003,ARMPIT,ki-jo,?,*mawo,?,?,d-hàpà,-bìakútè,?,ə́r-hápsɛ́,?,?,?,o-haafane,?,?,ry-átákà,?,kawava,kù- pã̀jã̀
003,ARMPIT,ki-jo,?,*mawo,?,?,d-hàpà,-bìakútè,?,ə́r-hápsɛ́,?,?,?,o-haafane,?,?,ry-átákà,?,kawava,kù- pã̀jã̀
082,"SKIN, HIDE, BARK","kukwa kidowo, kukwa finawa","*-barak, *mar(kun)","rì-kàzà, **rikaza ri, **o-vokolo",?,*u-wá:ba,ù-wɛ̀dɛ́,"ì-lápà, soʔò, ìgúgù","*ku-tan, *wugu, *kugu",ú-ká,?,*u-wá:ba,?,"ó-wá, **u-kwu",?,?,u-kena,?,"ku-kwa+ku+pi+jer, ku-kwa=ku+pi-nama, ku-boko ka-ti","ùkpã̀, kə́:vû"
082,"SKIN, HIDE, BARK","kukwa kidowo, kukwa finawa","*-barak, *mar(kun)","rì-kàzà, **rikaza ri, **o-vokolo",?,*u-wá:ba,ù-wɛ̀dɛ́,"ì-lápà, soʔò, ìgúgù","*ku-tan, *wugu, *kugu",ú-ká,?,*u-wá:ba,?,"ó-wá, **u-kwu",?,?,u-kena,?,"ku-kwa+ku+pi+jer, ku-kwa=ku+pi-nama, ku-boko ka-ti","ùkpã̀, kə́:vû"
077,SEND: WORK,katwa,**a-ha *ʧia,tuma **i-tuma,?,?,còmá,ì’áikjì,*tuma ku-tuma,cf. ù-tɔ́m,?,?,?,**tornte *lɪ-tuma,tum,rarɛ-tum (v.),?,?,tumam,sù:kù
077,SEND: WORK,katwa,**a-ha *ʧia,tuma **i-tuma,?,?,còmá,ì’áikjì,*tuma ku-tuma,cf. ù-tɔ́m,?,?,?,**tornte *lɪ-tuma,tum,rarɛ-tum (v.),?,?,tumam,sù:kù
073,ROAD: PATH,li-bo,zɪn,ù-rùnà,?,e-jń,k-lɛ̀vɛ́,ìjwã̀,o-ʤɛna,ù-cóu,o-na,e-jń,?,*o-wunda,u-ʤɛna,u-ʤɪn,ù-cìnà,?,u-~ki-rina,ù-jè
073,ROAD: PATH,li-bo,zɪn,ù-rùnà,?,e-jń,k-lɛ̀vɛ́,ìjwã̀,o-ʤɛna,ù-cóu,o-na,e-jń,?,*o-wunda,u-ʤɛna,u-ʤɪn,ù-cìnà,?,u-~ki-rina,ù-jè
026,DEPTH,ʧanʧam,?,*o-jo,?,?,s-lɔ̀(s-),ìʔílọ̀,*u-dangu,ə́r-də́w,?,?,?,**ornehreh,?,?,rí-lúkù,?,u-kenberu,ù-gə̀vì
026,DEPTH,ʧanʧam,?,*o-jo,?,?,s-lɔ̀(s-),ìʔílọ̀,*u-dangu,ə́r-də́w,?,?,?,**ornehreh,?,?,rí-lúkù,?,u-kenberu,ù-gə̀vì
035,"EXTINGUISHED, BE TO",u-molu,?,biʃi,?,?,wě,?,*jirkia,?,?,?,?,**ubanbanʧe,?,?,?,?,taramarara,kìmmə̀
035,"EXTINGUISHED, BE TO",u-molu,?,biʃi,?,?,wě,?,*jirkia,?,?,?,?,**ubanbanʧe,?,?,?,?,taramarara,kìmmə̀
104,TWO,im-ba,a-ba~za-ba,rèpó,raki,i-rjɛ,ìllə̀; ìʔílə̀,jó:gó,pi-ba (~e-~a-~na-),"jor, ujor",tɪ-rɛ (~wa-~a-),i-rjɛ,reke,-rjá,ba-o~a-ba (~ɪ-~ma-~tu-),a-ba~ti-ba,rì-sə́,rere,ka-va,-rè
104,TWO,im-ba,a-ba~za-ba,rèpó,raki,i-rjɛ,ìllə̀; ìʔílə̀,jó:gó,pi-ba (~e-~a-~na-),"jor, ujor",tɪ-rɛ (~wa-~a-),i-rjɛ,reke,-rjá,ba-o~a-ba (~ɪ-~ma-~tu-),a-ba~ti-ba,rì-sə́,rere,ka-va,-rè
017,CHILD,gono,san ~ tsen,vànà,ganʤa,bo:o,wà,bàʔà,kono,wa̍,vanna,bo:o,pana,váná (v-áná ?),kono,kɪʧɛn ~ kɪkɛŋgɛ; indana,ú-bì,bana,kono,mà:kù
017,CHILD,gono,san ~ tsen,vànà,ganʤa,bo:o,wà,bàʔà,kono,wa̍,vanna,bo:o,pana,váná (v-áná ?),kono,kɪʧɛn ~ kɪkɛŋgɛ; indana,ú-bì,bana,kono,mà:kù
109,SEVEN,kuzor,a-tarba,súnàrí,sinna,i-tandərjɛ,tàŋílə̀,tíndàlò,pi-sundɛri-ku-sundari,tà’jo:r,sunare,i-tandərjɛ,bəsunari,súndèrè,(ku-)sunduri,tarwa,tã̀ sẽ́,sunare,ku-tasi apire,ʧìndèrè
109,SEVEN,kuzor,a-tarba,súnàrí,sinna,i-tandərjɛ,tàŋílə̀,tíndàlò,pi-sundɛri-ku-sundari,tà’jo:r,sunare,i-tandərjɛ,bəsunari,súndèrè,(ku-)sunduri,tarwa,tã̀ sẽ́,sunare,ku-tasi apire,ʧìndèrè
068,"PRESS, SQUEEZE OUT, MILK","udoduna, **malina",**párki,"*noke, *takara ?H",?,?,?,?,"*norkja, *mallikej",?,?,?,?,*pinnirize,?,?,?,?,"parme, gwalle",pìʃà
068,"PRESS, SQUEEZE OUT, MILK","udoduna, **malina",**párki,"*noke, *takara ?H",?,?,?,?,"*norkja, *mallikej",?,?,?,?,*pinnirize,?,?,?,?,"parme, gwalle",pìʃà
032,"EAT, TO",u-li,lri (ri ?),wuʃu,?,mo lewa,"rjà, rjákà",já,le  (?),rɛ́,?,mo lewa,?,ne,dɪrɛ(?) ~ rɛ  (?),rikiri (? ri ki-ri),tama,?,ree,ljàʔà
032,"EAT, TO",u-li,lri (ri ?),wuʃu,?,mo lewa,"rjà, rjákà",já,le  (?),rɛ́,?,mo lewa,?,ne,dɪrɛ(?) ~ rɛ  (?),rikiri (? ri ki-ri),tama,?,ree,ljàʔà
091,TAKE OUT OF: EMPTY,u-fulu,**dojer ba,*ita,?,*mo wá:o,?,kásà,"*piza, *kahuni",?,?,*mo wá:o,?,**katterh-naŋ,?,?,?,?,"ʧitda, kupanko",tsũ̀w)ɔ̃̀
091,TAKE OUT OF: EMPTY,u-fulu,**dojer ba,*ita,?,*mo wá:o,?,kásà,"*piza, *kahuni",?,?,*mo wá:o,?,**katterh-naŋ,?,?,?,?,"ʧitda, kupanko",tsũ̀w)ɔ̃̀
088,"SPREAD IN SUN TO DRY, TO",ute,**jije rigen in wai,**sazara ug-ɲai di wui,?,?,?,?,kanga kun meme,?,?,?,?,nateh,?,?,?,?,a anjen indok,é:ckpê
088,"SPREAD IN SUN TO DRY, TO",ute,**jije rigen in wai,**sazara ug-ɲai di wui,?,?,?,?,kanga kun meme,?,?,?,?,nateh,?,?,?,?,a anjen indok,é:ckpê
092,THING,i-mon,njen (ni),*ij-abo  H.?,?,?,?,ì-jì,*kakuʃi,?,?,?,?,*apuahai,kakuʃika,ianɛnaŋga,?,?,ki-ranwa,ì:-lî
092,THING,i-mon,njen (ni),*ij-abo  H.?,?,?,?,ì-jì,*kakuʃi,?,?,?,?,*apuahai,kakuʃika,ianɛnaŋga,?,?,ki-ranwa,ì:-lî
053,HOE: CULTIVATE,u-ʃaru,kap,vara,?,?,"kə́rmə̀, gɔ̀vɔ́","hwã́, húdọ̀",kaba ~ kab (?),"gwów, duk, kéwér",?,?,?,**woroh,kaba ~ kap,kap (?),gùlə̀,?,kava,cìmbà
053,HOE: CULTIVATE,u-ʃaru,kap,vara,?,?,"kə́rmə̀, gɔ̀vɔ́","hwã́, húdọ̀",kaba ~ kab (?),"gwów, duk, kéwér",?,?,?,**woroh,kaba ~ kap,kap (?),gùlə̀,?,kava,cìmbà
061,MOULD TO,uke nin na ʧara,**juwag,sakala,?,?,mǎ,?,*kabana,má,?,?,?,**pitire,?,?,?,?,su-wa,màʔà
061,MOULD TO,uke nin na ʧara,**juwag,sakala,?,?,mǎ,?,*kabana,má,?,?,?,**pitire,?,?,?,?,su-wa,màʔà
007,"BAD (BE), TO",nanzan,?,*ʧaron,?,i:  lewo,-nà:-,?,*ka-banza (<H.),?,?,i:  lewo,?,*unu+zibu,?,?,lə́-mə̀hàndó (n.),?,ku-jikun,gbanəgbani
007,"BAD (BE), TO",nanzan,?,*ʧaron,?,i:  lewo,-nà:-,?,*ka-banza (<H.),?,?,i:  lewo,?,*unu+zibu,?,?,lə́-mə̀hàndó (n.),?,ku-jikun,gbanəgbani
