0,GLOSS,amo,atsam,buji,camo,cishigini,clela,fungwa,gbiri,hun-saare,janji,kamuku,kudu,kurama,niragu,piti,reshe,sheni,surubu,tsikimba
1,ANIMAL,fɪ-nawa,nam,bì-námá,kori/a-koraja,mànámà,nə̀:mə̂ (ø-(v),bì-nî,ku-nʌma,?,bɪ-nama,bi-nemi,u-leme,bɪ-nama,ka-nama,e-nam,hi-nama,i-nama,e-nama,mà-námà
1,ANIMAL,1,1,1,2,1,1,1,1,?,1,1,3,1,1,1,1,1,1,1
3,ARMPIT,ki-jo,?,*mawo,?,kùpàyàn,d-hàpà,-bìakútè,?,ə́r-hápsɛ́,?,?,?,o-haafane,?,?,ry-átákà,?,kawava,kù- pã̀jã̀
3,ARMPIT,1,?,2,?,3,4,5,?,4,?,?,?,6,?,?,7,?,8,3
4,ARROW,u-ʧilak; *o-ʧellak,a-tsɪr,ù-vìrà,hu-ila,kàyá'à,-dè:la,nì-ʔìlà,u-kɪlla,ə́rʔɛ́r,oira,e-ʔel,?,*ɔ-wila,wu-kɪrra,u-ʧɪr,rí-bábɛ̀,ka-wija,u-ʧira,kà-jàʔà
4,ARROW,1,1,2,2,3,4,4,4,5,6,7,?,4,4,1,8,3,1,3
5,ASHES,in-ton,?,ǹ-tó,?,kàkpàɗì,m-tɔ́ŋ,"ìnta, $",*in-ʧe,?,?,mu-oto,?,ń-twá,?,?,másákáyã̀,?,an-tse,kò-kòmò
5,ASHES,1,?,1,?,2,1,1,3,?,?,1,?,1,?,?,4,?,5,6
6,ASK (A QUESTION),u-tirimi,zenak (?),*sanjara,?,?,ìpkə̂,tə́ˋ:mbə́ǹə́ˋ,ribi,cít,?,?,?,jaas-,ribi,as(?),bípə̀,?,rivi; u-tambaja (H.),è:cè
6,ASK (A QUESTION),1,2,3,?,?,4,5,6,7,?,?,?,8,6,8,9,?,6,7
7,"BAD (BE), TO",nanzan,?,*ʧaron,?,?,-nà:-,?,*ka-banza (<H.),?,?,i:  lewo,?,*unu+zibu,?,?,lə́-mə̀hàndó (n.),?,ku-jikun,gbanəgbani
7,"BAD (BE), TO",1,?,2,?,?,3,?,1,?,?,4,?,5,?,?,6,?,7,8
8,BEAN,e-ʃum,?,*bi-ʧun,?,kàwáyà,v-jálà,*bu-gaje,*i-ʃim,ù-jôr,?,bi:-gaja,?,bé-váázó,?,?,hí-kònò,?,i-ssum,kà-wàjà
8,BEAN,1,?,1,?,2,2,2,1,2,?,2,?,4,?,?,5,?,1,2
9,BEG (ASK FOR S.T.),uroko (< H.),?,?,?,?,kòná,?,?,?,?,(mi:) roko:,?,*rokoh (< H.),?,?,hútá,?,rivi,?
9,BEG (ASK FOR S.T.),1,?,?,?,?,2,?,?,?,?,1,?,1,?,?,3,?,1,?
10,BELLY,li-buri,pi,ì-púrú,?,kə̀tsùmə̀,d-bə̀tə̀,cīmbə̀lɔ̀,ku-buri,ə́t-mɛ́n,ɛ-puru,*mo-ʧe:aŋgu,?,te-níjáŋá,ku-buri,kɪ-hɛk; u-buro,rí-pò,u-buri,ri-viri,kə̀-tsùmə̀
10,BELLY,1,1,1,?,2,3,4,1,5,1,6,?,7,1,1,8,1,"{1,9}",2
11,BITE,u-kifinu,kas,*ruma,?,?,ɛ̀:pɛ̀,?,kata,ha̍w,rumza ~ ruma (?),?,?,*lɔmze; kɔlɔma,kaza- ~ kata-,jebɪn,kə́pə̀nə̀,manju,kaɛka,lùmà
11,BITE,1,2,3,?,?,4,?,2,5,3,?,?,6,2,7,1,8,9,3
12,BUFFALO,ku-kau,ʧɛbe,bì-jáwá,?,?,kɔ̀bɔ́,?,pɪ-kawi,ù-hjét,bi-aba,bi-hasi,?,"bə́-háwá, bə-déki",pɪ-kawɪn,iʧe,h-érùmà,bi-aba,pi-kae,kjã́:cì
12,BUFFALO,1,2,3,?,?,4,?,1,5,6,7,?,3,1,2,8,6,1,9
13,"BUILD, TO (CF. SEW)",u-ke,?,?,?,?,mǎ,mâ:ŋgà,tumu ~ tum,ma̍,?,?,?,*ʤag,tumu ~ tun (?),"sur, sɔr",?,?,masuwa,màʔà
13,"BUILD, TO (CF. SEW)",1,?,?,?,?,2,3,4,2,?,?,?,5,4,6,?,?,7,2
14,CALABASH,ki-ʃik,?,*e-so,u-ra,mètépé'ùn,ì-hònò,bùgwɛ̀:gwɛ̀,*kake,ə́r-kɔ́k,?,e-hongu; *i-koa:ra,?,ne-ʤááró,?,?,hí-nɔ̀í-,?,ki-sep,mò-kóʔò
14,CALABASH,1,?,2,3,4,5,6,7,7,?,8,?,9,?,?,0,?,2,4
15,CARVE,u-kezu,?,*sah utiti,?,?,sɛ̀bɛ̀,?,*re-ʃana,?,?,?,?,*ʃava,?,?,?,?,?,ʃèʔwè
15,CARVE,1,?,2,?,?,3,?,4,?,?,?,?,4,?,?,?,?,?,3
16,CHARCOAL,ti-ʧimi,?,*tene,?,kə̀lìnə̀,?,ìnjìndɔ̀,?,?,?,bi:-rono,?,*nnine,?,?,?,?,ti-ʧeni (?),?
16,CHARCOAL,1,?,2,?,2,?,3,?,?,?,4,?,5,?,?,?,?,1,?
17,CHILD,gono,san ~ tsen,vànà,ganʤa,máákù,wà,bàʔà,kono,wa̍,vanna,vanna,pana,váná (v-áná ?),kono,kɪʧɛn ~ kɪkɛŋgɛ; indana,ú-bì,bana,kono,mà:kù
17,CHILD,1,4,3,5,2,3,3,1,3,3,1,3,3,1,6,7,3,1,2
18,COME OUT,u-nuzu,ru(?),*suru,?,?,rwə́ŋ; rwə́,?,pizə (?),rwə́n; rúbɛ́ (!),?,?,?,kale (?),piʤi (?),"ros(?), ro(?)",útà,?,ʧira,ùtə̀
18,COME OUT,1,1,1,?,?,2,?,3,2,?,?,?,4,3,1,5,?,6,5
19,"COOL, BE(COME) TO",u-lanzu tutuwui,?,*nara tene,?,?,tùdú,?,inrakwu sanji (H.),gwə́rɛ́,?,?,?,*tewai; u-sanji (H.) (?),?,?,?,?,wa-na; zu-wu,tə̀:xə̀
19,"COOL, BE(COME) TO",1,?,2,?,?,1,?,3,4,?,?,?,3,?,?,?,?,5,6
20,CORPSE,**libi,?,?,?,kàgàwà,?,*ì-gà:wà,?,ə̀rʔú,?,i-ʔu,?,*nekorror,?,?,?,?,wuna,?
20,CORPSE,1,?,?,?,2,?,2,?,3,?,3,?,5,?,?,?,?,4,?
21,COUNT: DRAW A LINE,u-ʤa u-laji (H.),?,*ra,?,?,"ògə̀mâ, gyɛ̀nɛ́",lúbá,"*borgja, *daza piduna","ɔ́:k, kwɔ; gyɛ́n",?,?,?,**kere+ulaji (H.),?,?,ànà,?,"vasze, janska pijara",kècè
21,COUNT: DRAW A LINE,1,?,2,?,?,3,4,5,3,?,?,?,1,?,?,2,?,6,7
22,COW/CATTLE,**fi-na; **kuluka,?,bì-vàrè,ku-na,kànákà,?,bə̀-nɛ́ʔɛ̀,*pi-na,?,?,*bi-na,?,**be-nah,?,inna,?,bi-na,pi-nakhah; karimi,?
22,COW/CATTLE,1,?,2,1,1,?,2,1,?,?,1,?,1,?,1,?,1,1,?
23,CRAB,?,?,*uga-kara,?,?,àvà,ì-ʔwộ:ndù,*korokoro,ù-ʔáŋgàrá,?,?,?,**u-kanna,?,?,hí-kàgùwà,?,ku-puko,mà-kànà
23,CRAB,?,?,1,?,?,2,3,4,2,?,?,?,1,?,?,6,?,7,1
24,CROCODILE,kuku-kunon,?,bè-jó,ʤura,kàyúmpù,cwí:mə̀,?,?,ù-tú,?,ŋ-us,?,o-cérám,?,?,hĩ̀-pã̀,?,ku-ʧirum,"kã̀-j,ṹpù"
24,CROCODILE,1,?,2,3,4,5,?,?,6,?,7,?,8,?,?,9,?,0,4
25,"DANCE, TO","**su  a-vu, a-vu",?,*gari  i-rina,?,je'e,hèvá,"h’íbà, nə̀-gàmà","*u-baja, *u-baja",hɛ́w,?,ci-hjebu,?,ɔ́-rígá,?,?,rùmèkà,?,"jekhah, ku-jiga",jèʔè
25,"DANCE, TO",1,?,4,?,2,3,3,5,3,?,3,?,6,?,?,6,?,"{2,6}",2
26,DEPTH,ʧanʧam,?,*o-jo,?,?,s-lɔ̀(s-),ìʔílọ̀,*u-dangu,ə́r-də́w,?,?,?,**ornehreh,?,?,rí-lúkù,?,u-kenberu,ù-gə̀vì
26,DEPTH,1,?,2,?,?,3,4,5,6,?,?,?,7,?,?,8,?,9,0
27,DIE: DEATH,"u-ku, u-ku",?,*u-wanah,?,?,wě,"‘wọ́, à-ʔújọ",*kuaw,már,?,mo u:ɔ,?,"ŋwan-e (ŋwa-ne?), **u-wyano",pə ~ kpə,hwu,u-wi,?,"kee, kaʤere",kùwə̀
27,DIE: DEATH,1,?,2,?,?,1,2,1,6,?,5,?,4,3,2,2,?,3,1
28,"DIVIDE, SHARE OUT, TO",koso,?,*wara,?,pèckú,wàn kâ,ŋgámâŋgà,*gawa,wóŋk,?,?,?,**hara,?,?,pòrkà,?,gan zar,pè:cè
28,"DIVIDE, SHARE OUT, TO",1,?,2,?,5,2,3,4,2,?,?,?,4,?,?,5,?,6,5
29,"DRAW (WATER), TO",u-tiw,?,*tuka,?,?,?,?,?,?,?,?,?,**jenta,?,?,?,?,min,?
29,"DRAW (WATER), TO",1,?,2,?,?,?,?,?,?,?,?,?,3,?,?,?,?,4,?
30,"BECOME DRY, TO",u-kotu,?,*wa,?,?,"hwà, hɔ̌",hə́ˋgə̀ˋlə́ˋ,*ki-za,fwɔ́,?,i-ho:so,?,**u-wijaror,?,?,lúnà,?,ro-wo,ɗè:kpè
30,"BECOME DRY, TO",1,?,2,?,?,2,3,4,2,?,2,?,6,?,?,7,?,2,8
31,EAR,*kɔ-tɔf,?,ò-tóŋí,?,kùtsúvù,?,ì-câ,ku-to,?,o-tɔi,a-tobi,ta-ttɔ,*ɔ-tɔ,a-to  (? pl.),?,?,u-tawai,?,?
31,EAR,1,?,1,?,2,?,3,1,?,1,1,1,1,1,?,?,4,?,?
32,"EAT, TO",u-li,lri (ri ?),wuʃu,?,?,"rjà, rjákà",já,le  (?),rɛ́,?,mo lewa,?,ne,dɪrɛ(?) ~ rɛ  (?),rikiri (? ri ki-ri),tama,?,ree,ljàʔà
32,"EAT, TO",1,1,2,?,?,3,3,1,3,?,4,?,5,1,1,6,?,1,3
33,EGG,li-kwai (<H.); *li-pai,ʧi kɔr,rì-ŋmwà,?,kòkó,d-gjàŋ,nìˋ-ŋgjà,nɪ-kpa,ə́rgjɛ́,ni-wa,le:-nge,?,nə́-ŋmwá,lɪ-pa,ri-ʧe,rɛ-rɛ,i-ngma,ri-kwa,kò-kòwò
33,EGG,1,"{1,5}",2,?,1,3,2,1,3,2,2,?,2,1,5,6,2,1,1
34,ELEPHANT,*fe-ro,ruwa,bèró,?,kàgìwà,lɔ̀gmɔ̂,ìgyĩ̀wà,pɪ-rɔgɔ,ù-rɔ́k,bi-rɔ,u-gjo,?,bə́-rwaga,kɪ-rɔgɔ,u-rɔ,hí-lə̌llə́,bi-rɔ,pi-kaie,kà-gìwà
34,ELEPHANT,1,1,1,?,3,4,3,2,2,1,5,?,6,2,1,7,1,8,3
35,"EXTINGUISHED, BE TO",u-molu,?,biʃi,?,?,wě,?,*jirkia,?,?,?,?,**ubanbanʧe,?,?,?,?,taramarara,kìmmə̀
35,"EXTINGUISHED, BE TO",1,?,2,?,?,3,?,4,?,?,?,?,5,?,?,?,?,6,7
36,EYE,li-zi; *ijizi,jɪs,rì-ʤí,leze (z?),kə́ə́shì,d-ìsə́,nǐ:-ʃɔ̀,nɪ-izi,ə̀rjíʃ,ɛ-ʤe,e-jis,le-ze,ní-jízí,ri-ʤi,rɪ-jɪs,rì-nìnì,e-ʤi,ri-jizi,kə́:-ʃì
36,EYE,1,1,1,1,2,3,2,1,3,2,1,1,1,1,1,4,1,1,2
37,"FALL, TO",u-diu,?,*rizi,?,?,?,*kina,*gigi,?,?,mo: hine:i,?,**rije,?,?,cenə,?,riggi,?
37,"FALL, TO",1,?,2,?,?,?,3,4,?,?,5,?,2,?,?,6,?,2,?
38,"FAT, OIL, GREASE","im-mai; *ti-bip, *nof",bap,"*n-pun, mà-néné",?,màní,"m̀-sèmá, m̀-nèvé","cì-bjɛ̃i, *mi-jigo","mani, mumaja","ə̀m-sɛ́m, ə̀m-náw","tɪ-noi, mane",mə-nəbi,?,"u-kandɪra; *nipum, məi","mani, manuŋ","tɪ bɛp, mʌi",u-hemi,"ma-tenne, manawai","u-buktozu, ma-mai",mà-nĩ́’ĩ̀
38,"FAT, OIL, GREASE","{1,2}",2,2,?,1,2,3,1,2,1,"{1,2}",?,2,1,2,4,1,1,1
39,FEAR,fiw,?,*i-wi,?,wòònvò,ə̀v-gyèlà (v.),?,matau,?,?,?,?,*u-wageh,?,?,?,?,u-ke-u,wõ̀vò
39,FEAR,1,?,1,?,2,3,?,4,?,?,?,?,5,?,?,?,?,6,2
40,FEMALE,u-nit,?,*u-wai,umade,vuka,?,bùoˋi:,*konarumi,?,?,?,?,?,?,?,ù-dɔ̀nɔ̀bà-,?,ki-sihaŋ,vù-ká
40,FEMALE,1,?,2,3,4,?,5,6,?,?,?,?,?,?,?,7,?,8,4
41,FIREWOOD,a-ʧan-la,?,títí,?,?,cé cə̀ŋ hwèlá,?,*ma-ʧi,?,?,*jɛ:ɔ̃,?,**tihtíh,?,?,ú-cə̃̀,?,titie,mà-ɗángà
41,FIREWOOD,1,?,2,?,?,3,?,1,?,?,4,?,2,?,?,4,?,2,5
42,FOREST (BUSH),"a-ʧa (pl.), ku-liri",?,ò-ʤà,?,kàkàmbà,?,ì-kúrmì (H.),ka-jiri,?,?,*o:-ri:aba,?,**n-dareh,?,?,?,?,karimi (H.),?
42,FOREST (BUSH),1,?,1,?,2,?,2,2,?,?,3,?,4,?,?,?,?,3,?
43,CHICKEN/FOWL,*ko-koro,kɔr (?),bì-tókóró,?,mòtòkù,kə́cì,*i-janḿa,kuru,ù-kjît,bi-tukoro,woa:roma,?,bə-tóórò,kuru?  kura,o-kur,hí-tálkɔ̀í-,-tokoro,-kukuru,mò-tòkù
43,CHICKEN/FOWL,1,1,1,?,1,2,3,1,2,1,4,?,1,1,1,5,1,1,1
44,"FRY, TO BAKE IN ASHES, TO","**lawa, u-ʤuʤu",?,?,?,?,?,wátə̀gà,*raga,?,?,?,?,"**njaga, pavah",?,?,?,?,"toja (H.), murwuru+an+tee",?
44,"FRY, TO BAKE IN ASHES, TO",1,?,?,?,?,?,2,3,?,?,?,?,4,?,?,?,?,5,?
45,"GIVE, TO",u-ni,ni,"njaka, ʃe-me",?,?,"nésè, nɛ́",pálá,*dakar,já:s,?,ma: pu:a,?,*nɪ- ~ nʌ- (?)  **paseh,daka,n-(?),pɛ́nɛ̀,-nje-,"goo (?), parem",nèkè
45,"GIVE, TO",1,1,2,?,?,1,3,2,4,?,3,?,1,2,1,3,1,6,1
46,"GO, WALK, TO",u-du,da; dize,*wan,?,bàná,nòkà tə́,híǹdọ̀,"bur; *dura, *wuʤina",nékɛ́,?,mi gu:o,?,"maze; tainja; vuri; jaze, *dorra",bir (?); gjara-?; pɪsa,darak (?),nò,?,"ʤaravu, u-ʤaru",bànà
46,"GO, WALK, TO",1,1,2,?,2,3,4,1,3,?,5,?,6,7,1,3,?,9,2
47,GRASSHOPPER,kuʧin,?,bi-njun,?,?,émà,?,*diti,?,?,?,?,**urwata,?,?,?,?,ku-ʧinʧiŋ,kà-kjṹʔũ̀
47,GRASSHOPPER,1,?,2,?,?,3,?,4,?,?,?,?,5,?,?,?,?,1,1
48,"GROW, BECOME STRONG, TO","akara, u-kunʤu",?,"*bare, *agata",?,?,gùbù,?,"*kuna, *tukuna",?,?,?,?,"**hara+nkor, **gasa+nkor",?,?,?,?,usisazu,gbòngùrò
48,"GROW, BECOME STRONG, TO",1,?,1,?,?,2,?,1,?,?,?,?,3,?,?,?,?,3,2
49,GUINEA-FOWL,**ku-det,?,bì-rój,?,?,rjògò,ì-làgù,pirobi,ù-kɔ̂t,?,i-rjɛgu,?,rwaba,?,?,hí-cɔ̀kcɔ́,?,ku-rovuo,kà-ɗàkù
49,GUINEA-FOWL,1,?,2,?,?,2,3,4,5,?,6,?,7,?,?,8,?,2,9
50,HEAD,li-ti,ʧi,rè-té,?,kàcí'ì,d-hí,bù-kwɛ̀ŋgjè,ni-ʧe,ər-hí,lɪ-ʧe,e-to,u-kpai,ní- ʧíjé,lɪ-ʧi,lɪ-te (? rɪ-),rì-ʃìtə̀,i-te,ri-ti,kà-cí
50,HEAD,1,1,1,?,1,1,2,1,1,1,1,2,1,1,1,1,1,1,1
51,HEART,a-ji,hwada,bìrìwà,?,kə̀ɗú,k-dɛ̀bɛ̀,bə̀-gɛ́tɛ̀,nɪ-so,ə́r-húr,ɛ-roba,e-koko,jaɲe,nə́-sɔ́bɔ́,kaʧi karɪʃja,ri-roŋ,hì-tsùmù,e-riba,ri-rup,kə̀-ɗú
51,HEART,1,4,5,?,2,2,3,6,7,3,2,1,6,8,3,6,3,3,2
52,HEAVY,ge-tek,kupas,*denden,?,?,m̀ní,ìʒə̃́:tọ̀,*u-zzebi,ə́s-nə́,?,?,?,**umanu,-ʤɪp (?),lɛktɛk,é-nʤènʤí,?,u-zip,ə̀mìkì
52,HEAVY,1,2,3,?,?,4,5,6,7,?,?,?,4,5,"{1,}",5,?,7,4
53,HOE: CULTIVATE,u-ʃaru,kap,vara,?,kùshé'è,"kə́rmə̀, gɔ̀vɔ́","hwã́, húdọ̀",kaba ~ kab (?),"gwów, duk, kéwér",?,?,?,**woroh,kaba ~ kap,kap (?),gùlə̀,?,kava,cìmbà
53,HOE: CULTIVATE,1,2,3,?,1,4,5,2,4,?,?,?,6,1,2,8,?,1,7
54,"KILL, TO",u-moku,?,?,?,gə̀lə́,?,?,*ma-pa,?,?,-ʃilan-,?,**weh,?,?,?,?,kuke,?
54,"KILL, TO",1,?,?,?,2,?,?,3,?,?,4,?,5,?,?,?,?,6,?
55,"LEG, FOOT",ku-bunu,tak,ù-gbùnà,utu-buna (pl.?),kùnè,ù-ná,ù-və̀ǹà,ka-bona,ù-ná,o-buna,e-bwonə,tu-gbuna,ó-kaza,ka-bunu? ~ ka-buna,u-won,ú-kánà,u-bunu,ka-vina,kù-nè
55,"LEG, FOOT",1,2,1,1,1,3,4,1,3,1,5,1,6,1,7,1,1,8,9
56,LEOPARD (‘PANTHER’),*ko-pe,a-kwo,*bi-kwi,jari,kànámà,gwì:mì,ìgõ̂,ku-gbe,ú-gə́,bi-kpe,u-gəbi,unjarɛ,o-daro,ku-bi,o-kwɔ,hì-kɛ̀sàndɔ̀ì-,u-gana,ku-dar,kà-námà
56,LEOPARD (‘PANTHER’),1,1,1,2,3,4,4,4,4,1,4,2,6,7,1,8,4,3,3
57,"LIE DOWN, STRETCH ONESELF, SLEEP, TO","u-no, u-nato umon",?,"tete, witu",?,à'úwà,"lə̀tə́, lə́və̀","gáɟìgà, kínànlá","*danogo, *kanon","rə́t, réwɛ́",?,"mo: ʃindiga:ne, le:ʧi",?,**rarah,?,?,hìnə́,?,nomo,và:kù
57,"LIE DOWN, STRETCH ONESELF, SLEEP, TO",1,?,2,?,3,4,5,6,4,?,8,?,7,?,?,8,?,1,9
58,"LICK, TO",lele,?,lama,?,?,lɛ̀msɛ́,?,*rianga,?,?,?,?,**utentse,?,?,lálàhá,?,mu-mu,pèɗè
58,"LICK, TO",1,?,1,?,?,1,?,2,?,?,?,?,5,?,?,1,?,4,3
60,MEAT,fi-nawa,nam;  *-nam,*bi-nama,?,və̀nyámà,nə́mə́,ì-dágù,ku-nʌma;,ə́r-ʔàp,bɪ-nama,*u:-zúmbo: a,i-nama,*bɪ-nama;,ka-nama,e-nam,?,i-nama,e-nama,vù-ɲámà
60,MEAT,1,1,1,?,1,1,3,1,4,1,5,1,1,1,1,?,1,1,1
61,MOULD TO,uke nin na ʧara,**juwag,sakala,?,?,mǎ,?,*kabana,má,?,?,?,**pitire,?,?,?,?,su-wa,màʔà
61,MOULD TO,1,2,3,?,?,4,?,5,4,?,?,?,6,?,?,?,?,3,4
62,"MOUNT, TO",u-anu,*namgiʧe; **warki,*njana,?,?,sàkà,dídànà,**tuga:,da̍,?,?,?,**njanah,?,?,noná,?,tuwa,kùmbà
62,"MOUNT, TO",1,2,3,?,?,4,5,6,5,?,?,?,6,?,?,7,?,8,3
63,NAME,li-sa,sak,rì-ʤí,?,kùlà,dìnə́,nə̀-zóʔò,*ri-zene,ə̀r-ʤín,?,?,?,né-síjá,ri-ʤɛnne,rɪ-sak (rɪsak ?),r-inə,?,ri-zagij,kù-là
63,NAME,1,1,2,?,3,4,5,6,2,?,?,?,1,6,1,5,?,6,3
64,NIGHT: DAY OF 24 HOURS,ki-tik,"tuk, wəi","ə̀tìtìjə̀, òŋmè","lahare, ufin; ufin agoto",kááyì,"gjòpó, s- (ø(m)/s-)",ìŋhwúlà,"kɪ-tuk, lɪ-katta",?,"lie, suru-wəi (o-wəi = ‘sun’)","*á-gítã, *ɔ́:hõhõ",lahare,nə́-máré,"kɪ-tuk, ɪ-mɛŋme","kɪ-tuk, u-vie",a-kipɔ,"uuna, anungme",ka-tuk,"kã́j,ĩ̀"
64,NIGHT: DAY OF 24 HOURS,1,1,2,3,4,5,6,1,?,7,5,3,8,1,1,0,9,1,4
65,FAN PALM (BORASSUS AETHIOPUM),im-mai; kuʧanʃmanʤa; H. ku kwakwa,*-kun kwara,**u-titi majiŋ  ʤa H.,?,?,-újáŋ,bə̀-kwɛ́:kwɛ̀,*ka-bamba,?,?,*bí-ʃi:wa,?,"***u-ʤase,**ingeru",?,?,hí-kɔ́lɔ̀,?,"ma-manʤa H., ku-gumna+","kà-kùlù,mə̀-ʃə̂m"
65,FAN PALM (BORASSUS AETHIOPUM),1,2,3,?,?,4,2,5,?,?,5,?,6,?,?,7,?,7,8
66,PERSON,o-net,sai,o-no,?,vùmà,nòcó,vá:tu,(m)o-nɪr,-nɛ́t,o-no,bo-tɔ,uk-wari,*bu-gana,pɪ-nɪrɪgara,u-ʃie,undo (?),u-no,pijer,vùmà
66,PERSON,1,8,2,?,3,2,3,2,2,2,4,6,5,2,8,7,2,9,3
67,"PIG (DOMESTIC, WILD)",kuladu; *ko-raŋga,ʤaŋ,"**alade, **biraŋ-aa",?,mə̀gùrùsúnù,"àlɛ́dɛ̀, àlɛ́dɛ̀nɛ̀",?,ka-dɪm,?,bi-raŋga,kaɗo,?,*bɪ-dɪm,ka-dɪm,o-duaŋ,hí-ʃíʃibu,u-dima,"uvikah, i-nama, e-rimi",kù-ʤímâ
67,"PIG (DOMESTIC, WILD)",1,2,1,?,4,1,?,2,?,3,1,?,2,2,2,6,2,7,2
68,"PRESS, SQUEEZE OUT, MILK","udoduna, **malina",**párki,"*noke, *takara ?H",?,?,?,?,"*norkja, *mallikej",?,?,?,?,*pinnirize,?,?,?,?,"parme, gwalle",pìʃà
68,"PRESS, SQUEEZE OUT, MILK",1,2,3,?,?,?,?,1,?,?,?,?,5,?,?,?,?,2,2
69,QUARREL,su kubun kubun,**vuntsi,*u-kara,?,?,?,?,?,?,?,?,?,**awen,?,?,?,?,manpomono mapomono,ʃìlkə̀
69,QUARREL,1,2,3,?,?,?,?,?,?,?,?,?,4,?,?,?,?,5,6
70,RAPHIA PALM,in-ʧem; **ku-kuluk,*a-jed,"**o-ko, **o-geŋ, o-gjeŋ",?,?,?,bìkɛ̀lú,?,?,?,?,?,"**ndaran, **inʤaseh, **u-dabilo (H.)",?,?,?,?,"makur ~masaku, ka-gunga","kà-ʃùwà, kò-wò"
70,RAPHIA PALM,1,2,3,?,?,?,4,?,?,?,?,?,1,?,?,?,?,5,6
71,"REFUSE, RETAIN, TO",anaza,*-kaŋe,"*nyamene, *da ija",?,?,hòlà; hə́lə̀,?,"*gabu, wana nadi",jágɛ́,?,?,?,"**gabor, **pitih",?,?,?,?,vunuvu jepte,ʔĩ̀w)ã̀
71,"REFUSE, RETAIN, TO",1,2,3,?,?,4,?,5,9,?,?,?,7,?,?,?,?,6,8
72,"RESEMBLE, BE EQUAL TO","u-koma, (?) u-korna H?, a-di daidai H.",**ka hirjer,jinkana,?,?,-hòn-,?,"*kakama  H., *aʤi kumanu",?,?,?,?,"orkama  H., **urunde",?,?,?,?,terunturu wo; sutsunu wo,àkàmà  H.
72,"RESEMBLE, BE EQUAL TO",1,2,3,?,?,4,?,1,?,?,?,?,1,?,?,?,?,5,1
73,ROAD: PATH,li-bo,zɪn,ù-rùnà,?,ùyè,k-lɛ̀vɛ́,ìjwã̀,o-ʤɛna,ù-cóu,o-na,e-jń,?,*o-wunda,u-ʤɛna,u-ʤɪn,ù-cìnà,?,u-~ki-rina,ù-jè
73,ROAD: PATH,1,2,3,?,4,5,6,7,8,9,0,?,9,7,2,8,?,9,4
74,"ROAST ON COALS, TO",uʤuʤu,*-bani; babbani,*diʃi,?,?,kàgə̀dsá; ɔ̀tɔ̀; zɔ̌,ndôsò,*pobo,ká:s; riʃ; zɔ́,?,?,?,**pavah,?,?,pòpà,?,popso tiʧeni,zàtskù
74,"ROAST ON COALS, TO",1,2,1,?,?,4,5,6,4,?,?,?,6,?,?,6,?,6,7
75,"ROT, TO",?,?,*iʃu,?,?,zə̀mə́,hwə́sò,"*baza, **bazo:",wə́m,?,?,?,***u-ʧwise,?,?,?,?,vuzo,?
75,"ROT, TO",?,?,1,?,?,2,3,4,2,?,?,?,3,?,?,?,?,3,?
76,RUBBISH-HEAP,kuwun tizun ʃara,**ingjoge jiezia: a:jijen,**u-gaŋ-ɲe,?,?,?,?,?,?,?,?,?,**ni-ʧinge,?,?,?,?,maguza,kə̀kí:zə̂
76,RUBBISH-HEAP,1,2,2,?,?,?,?,?,?,?,?,?,3,?,?,?,?,2,5
77,SEND: WORK,katwa,**a-ha *ʧia,tuma **i-tuma,?,?,còmá,ì’áikjì,*tuma ku-tuma,cf. ù-tɔ́m,?,?,?,**tornte *lɪ-tuma,tum,rarɛ-tum (v.),?,?,tumam,sù:kù
77,SEND: WORK,1,2,1,?,?,3,4,1,3,?,?,?,1,1,1,?,?,1,4
78,"TRAP, TO SET A",u-tu injan,**a-tsir tarko (n. = H.),*o-gero,?,?,rènà,?,*mage bumai,?,?,?,?,**renkeh-ubuma,?,?,?,?,ta za abaŋ,àzkù
78,"TRAP, TO SET A",1,2,3,?,?,4,?,5,?,?,?,?,4,?,?,?,?,4,4
79,"SEW, TO",u-tunu,**sunzi,duza,?,?,zìlə́,?,*retursa,?,?,*í:-teŋga,?,**torzah,?,?,(má)-táʧè,?,tuza,jìlə̀
79,"SEW, TO",1,2,3,?,?,4,?,5,?,?,6,?,6,?,?,8,?,6,4
80,"SHINE, BE LIGHT, BE WHITE TO","uwaltu, ula, ubo",kenim,"*wuna, *u-ra (n. ?), **u-ruŋ",?,?,?,ìtàshì,"*buka, *u-zebi, **ka buk",?,?,ʧene,?,"**nsah, *rɔmbo (is-)",buk,kane (‘is-’),?,?,anpeze; samte,"àkànà, ə́rmə̂"
80,"SHINE, BE LIGHT, BE WHITE TO",1,2,1,?,?,?,3,1,?,?,4,?,4,1,2,?,?,6,7
81,SING,su avu,**ʃam,*gusa,?,cànànâ,?,zúŋgà,*jikaʃʃi,?,?,?,?,**janeh uwuno,?,?,?,?,sipsa,?
81,SING,1,2,3,?,4,?,5,6,?,?,?,?,6,?,?,?,?,7,?
82,"SKIN, HIDE, BARK","kukwa kidowo, kukwa finawa","*-barak, *mar(kun)","rì-kàzà, **rikaza ri, **o-vokolo",?,ùkpàn,ù-wɛ̀dɛ́,"ì-lápà, soʔò, ìgúgù","*ku-tan, *wugu, *kugu",ú-ká,?,*u-wá:ba,?,"ó-wá, **u-kwu",?,?,u-kena,?,"ku-kwa+ku+pi+jer, ku-kwa=ku+pi-nama, ku-boko ka-ti","ùkpã̀, kə́:vû"
82,"SKIN, HIDE, BARK",1,2,3,?,4,5,6,5,4,?,5,?,4,?,?,4,?,4,4
83,SMELL (OF): SMELL (TR.),kunje,**gunni; *-gunak,"**un-ɲa, **un-ɲa tukuku",?,?,kwɛ̀smá,wúsúmònò; wúsúmónə́mà,*nukunu,wə́sɛ́,?,?,?,**uhija,?,?,ù-pùnò,?,u-jeg,"ʃà´ :mâ, tsúɱgbâ"
83,SMELL (OF): SMELL (TR.),1,2,3,?,?,4,5,3,4,?,?,?,7,?,?,8,?,9,0
84,SNAKE,fijij,jɔwi,bì-wá,?,kóókò,òblâ,ìhwáʔà,onisalɪp,ù-ɸɔ́,bi-wa,hoʔa;  *á:-hu:a,?,bó-wá,beni,e-wok,h-joha,u-wa,pi-jowo,kó:kò
84,SNAKE,1,2,3,?,4,5,6,7,5,3,8,?,3,9,0,8,3,2,4
85,SONG,avu,**a-ʃamzi  a  ʃam,*i-rina,?,vìshìpà,?,?,?,?,?,hazəg,?,**uwuno,?,?,?,?,ku-siva,vù-ʃìpà
85,SONG,1,2,3,?,4,?,?,?,?,?,5,?,6,?,?,?,?,7,4
86,"SPEAK, TO",u-liru,*raba; *zi-bin,*banu,?,dànsá,ìgmə̂,?,**woro; **lelikja; **miga,zɛ́ʔ; rɔ́r; tɛ́pɛ́r,?,*(mi:)*ʧúza:ma,?,asa (na-sa  ?),?,?,wopə,?,vere,dã̀sà
86,"SPEAK, TO",9,1,2,?,3,4,?,5,6,?,7,?,8,?,?,5,?,9,3
87,TO SPIT,?,**tan  a-ʧiʧi,*ʧate taje,?,?,?,ə-tḿbi,*burkeja,?,?,?,?,**ʧefi,?,?,?,?,ʧitkara,ʤìrà
87,TO SPIT,?,1,1,?,?,?,3,4,?,?,?,?,1,?,?,?,?,1,2
88,"SPREAD IN SUN TO DRY, TO",ute,**jije rigen in wai,**sazara ug-ɲai di wui,?,?,?,?,kanga kun meme,?,?,?,?,nateh,?,?,?,?,a anjen indok,é:ckpê
88,"SPREAD IN SUN TO DRY, TO",1,2,3,?,?,?,?,4,?,?,?,?,1,?,?,?,?,5,6
89,"STICKY, TO BE","u-danku  H., **gangan",**a-nabti,*madaki,?,?,?,?,*madabana,?,?,?,?,**uʧiru,?,?,?,?,igamban,?
89,"STICKY, TO BE",3,2,1,?,?,?,?,1,?,?,?,?,4,?,?,?,?,5,?
90,"STONE, ROCK",li-tala,paŋ,rì-zùwà *ri-zuwa,ku-ʃali,kàtàlì,d-tà:rè,ì-tà:jà,nɪ-ta,ə́r-tā́r *o-taʔar,li-pɔ,tare,?,o-tale,lɪ-ta,"ri-pan , li-",ú-tárɛ,wu-tai,ri-kwag ku-pana,kà-tà:lì
90,"STONE, ROCK",1,2,3,1,1,1,1,1,1,4,1,?,1,1,2,1,1,5,1
91,TAKE OUT OF: EMPTY,u-fulu,**dojer ba,*ita,?,?,?,kásà,"*piza, *kahuni",?,?,*mo wá:o,?,**katterh-naŋ,?,?,?,?,"ʧitda, kupanko",tsũ̀w)ɔ̃̀
91,TAKE OUT OF: EMPTY,1,2,3,?,?,?,4,5,?,?,6,?,7,?,?,?,?,8,9
92,THING,i-mon,njen (ni),*ij-abo  H.?,?,vìlíì,?,ì-jì,*kakuʃi,?,?,?,?,*apuahai,kakuʃika,ianɛnaŋga,?,?,ki-ranwa,ì:-lî
92,THING,1,2,3,?,4,?,2,5,?,?,?,?,6,5,7,?,?,8,4
93,"TONGUE, LANGUAGE","li-lem, timap","¥am, *-rakut","ǹ-léŋ, *e-boze",?,kèléntsù,d-rémé,"àɲà:tu, ʧìgánə̀ŋgà","pɪ-¥ɛm, *u-jare",ə̀l-lém,lɪ-lɛm,á-rjĩn,ja-lim,né-njám**ti-jare,pɪ-lim,u-lɛm,rí-lùmè,i-liam,"di-rem, tivervene",kèléntsû
93,"TONGUE, LANGUAGE",1,1,1,?,2,3,4,1,3,1,3,1,4,1,1,1,1,3,2
94,TOOTH,*li-jini,jɪn,bì-ní,tin-je,kàngà,ʊ-nì:ně,nì-ɲíɲù,u-baŋgo,"ù-jín, ù-nín",lɪ-hini,e-jala  *lí:-ni:e ni:e,?,né-jéné,u-baŋgo,ri-ʤɪn,rè-nũ̀hĩ̀,i-inni,pi-jini,kà-ngà
94,TOOTH,1,1,1,1,2,1,1,3,1,1,1,?,1,3,1,5,1,1,2
95,TORTOISE,**kukulufet (H.?),*kukur,bì-gə̀ŋkə̀rə̀ní,?,màkpàgà,kà:rò,ì-kwàkí:kə̀w,kakus,ú-ká:r,?,u-ogʌl,?,*u-kurki,?,?,hí-kpàgúlù,?,ka-kur kakur,mà-kpàgà
95,TORTOISE,1,1,4,?,2,3,1,1,3,?,4,?,1,?,?,1,?,1,2
96,TREE,ku-ʧa,a-kun,u-titi,ta-ʧi,màɗángà,cě,ì’à’ù,ku-ʧi,ù-cé,o-titi,u-əə; *ó:-õõ,ti-ʃi,ú-tí,kɪ-ʧi,ɔ-kun~u-,ú-cə̃̀,u-ti,ka-ti,mà-ɗáŋgà
96,TREE,1,1,2,2,3,4,5,2,4,1,5,2,1,2,1,5,1,1,3
97,TWIN,i-bari,**a-pijas,*in bara,?,màpèshè,wà rús-ù,?,*i-pana,?,?,?,?,**nm-bara,?,?,?,?,ma-va,mpeʃe
97,TWIN,1,3,1,?,2,4,?,5,?,?,?,?,1,?,?,?,?,6,2
98,WANT (DESIRE): LACK SEEK,"u-su; u-dimunba, usalin se, upiziru",bari,"u-barsa, **mda men no ne, **giŋ ag-rau",?,ciga,"tɔ̀nɔ̀, rásà  H.",gúmànà,"*in wanda; *indiba, *kankari",cɔn,ʤasu,?,?,"*tare, **u-zau",ʤasu,so  H.,á:-tà,?,"nsuni, u-zaar","cìgà, lə́nsə̂"
98,WANT (DESIRE): LACK SEEK,5,1,1,?,2,3,9,8,7,6,?,?,1,6,5,3,?,4,2
99,WAR,*li-kom,kɔŋ,*jaki H.,?,vìshílì,d-gà:gò,ì-gjásà,nɪ-guma,ə̀r-gə́n,lɪ-kɔno,ə-gas,?,ń-tá,lɪ-guma,ri-koŋ,?,i-kɔno,ri-guma,kù-võ̀
99,WAR,1,1,3,?,4,2,5,5,5,1,5,?,6,5,1,?,1,5,2
100,WATER,inwen,niŋ,mə̀ɲí,moni,mìnì,m̀hɔ̀ (:),mò,mńi,ə̀mhɔ́ʔ (ɔ̃ ?); ə̀mmíʔ,manji,mńi,mani,*mɪni,mńi,mɪnɪŋ,?,mani,?,mìnì
100,WATER,1,2,2,2,2,2,2,2,2,2,2,2,2,2,2,?,2,?,2
101,WING,a-gilit,*afuka-fuki,*u-ganlun,?,kùvélù,ù-kàpó,ì-piã̀,*a-galle,ú-kə́kə́n,?,?,?,ù-gàrnâŋ,ku-vek,?,ú-pètà,?,o-gáŋné,kù-vèlù
101,WING,1,5,1,?,2,3,4,1,6,?,?,?,1,2,?,4,?,1,2
102,"WOMAN, WIFE","uwani, uwani","-hu, *-huu","ò-wâj, ò-wájòhóŋ",amadaja (sg. = H. ?),vùká,"nètá, nètá",bùʔõi bùʔõi,o-ni-ɪ -kwa,*neʔa,u-nnɛ,bo-ə,ma-dai,bó-rái,pu-pa,u-kwo,?,"u-nuai, u-nuai",?,"vùkâ, vùkâ"
102,"WOMAN, WIFE",2,3,4,5,1,6,9,8,6,8,7,0,7,7,8,?,2,?,1
103,ONE,*lu-ruŋ,(ka-)ndɔŋ,díŋkà,wondi,ètè,ʧiŋ,hĩ,pi-ɪn ~ nu-ɥɪn ~ni-jin,ʧoon,ɪnde; diŋkɛ,*hĩ́:a; ndɛ,wandi,*din ~ lidi,inu ~ ruŋ ~lɪŋ ~gum,-doŋ ~ ri-,?,hini,?,-tè
103,ONE,1,1,4,5,2,3,6,2,3,"{2,4}",5,5,"{2,5}",2,1,?,"{2,5}",?,2
104,TWO,im-ba,a-ba~za-ba,rèpó,raki,ìrè,ìllə̀; ìʔílə̀,jó:gó,pi-ba (~e-~a-~na-),"jor, ujor",tɪ-rɛ (~wa-~a-),i-rjɛ,reke,-rjá,ba-o~a-ba (~ɪ-~ma-~tu-),a-ba~ti-ba,rì-sə́,rere,ka-va,-rè
104,TWO,1,1,3,3,2,2,3,1,3,2,2,3,2,1,1,2,2,1,2
106,FOUR,nnas,a-nas,nàzé,nazi,-nə́ʃì,"nássé, ìná:sè",nó:ʃì,pe-nas~e-,na̍s,tɪ-naze,i-nəʃi,naze,-nááze,naz-o; tu-nas,ti-nas,la-naʃɛ̃́,naʤe,ka-nas,-nə́ʃì
106,FOUR,1,1,1,1,1,1,1,1,1,1,1,1,1,1,1,1,1,1,1
107,FIVE,n-ntaun,a-tuon,ʃíbí,ʃu,tawun,táŋ; ìtâŋ,tá,pi-ʃi ( ~ɪpi- ~kɪ- ~gɪ- ~kɪ-ʃik),tá:n,ʧibi,i-taʔa,su,-ʃí,"i-ʃik-o, kɪ-ʃi",tɪ-tan-aŋ ~a-,lá-ɔ̃̀,ʃibi,ki-ʃi,-tã́ũ
107,FIVE,1,1,2,2,1,1,1,2,1,2,2,3,2,2,1,2,2,2,1
108,SIX,ku-toʧin,a-ʧirɪm,tásé,tase,tə́li,"ʧíhèn, -ʧíhèŋ",ʧĩ́hĩ̀,pe-taʃe~ku-taʃi,ʧe:nt,tase,i-tunihi,tase,tásé,(ku-)taʃi,ti-ʧerɪm,"te,zo",taʃe,ku-tasi,-tə̀:lì
108,SIX,1,2,3,3,3,1,1,1,1,3,4,3,3,1,2,3,1,3,3
109,SEVEN,kuzor,a-tarba,súnàrí,sinna,ʧìndèrè,tàŋílə̀,tíndàlò,pi-sundɛri-ku-sundari,tà’jo:r,sunare,i-tandərjɛ,bəsunari,súndèrè,(ku-)sunduri,tarwa,tã̀ sẽ́,sunare,ku-tasi apire,ʧìndèrè
109,SEVEN,2,3,1,1,1,1,1,1,6,1,1,5,1,1,3,3,1,4,1
110,EIGHT,kuliv,a-wur,úrú,riju,kúnlə̀i,jə́:rù,tíndátù,ko-nas ~ ku-,ʔé:r,uro,i-totato,bəsanaze,ríré,(ku-)na-nas,u-wur,dálànzɔ,ru,ku-tasi a iva,kúnlə̀i
110,EIGHT,1,2,2,2,1,3,5,6,3,3,5,4,3,6,2,4,3,1,1
111,NINE,kutivi,ʃa-dɔŋ,toroj,unnanasi,kùʧì,dó:rè  ìdó:rè,tíndíʃì,pe-tɔrore ~ ko-tɔrɔre,ʤírɔ̀,toroəi,i-tińdəsi,bita gene,tárá  (H.),kiʃa-nuas,u-sɔtat,látànàʃẽ́,tɔrwai,ku-tasi a i-tar,kùʧì
111,NINE,1,2,3,4,1,2,5,3,2,3,3,6,3,4,7,3,3,1,1
112,TEN,kulidir *likure,kur,bìtúrú; rìkùrì,tangini,kùpà,ó:pá,úpá,pɪ-nɪkɛranaba (dd); ɪkpiri (dc),ɔ̀p,turo (dd.); kɪrəu (dc.),ʔupa,lafa,kúrí,a-kere-(na)-ba (dd.); rɪpiri (dc),ri-kut,úpo,bitio,rikiri,kùpà
112,TEN,1,1,2,3,1,1,3,4,1,4,1,6,4,4,1,1,5,4,1
113,FIFTEEN,likure nin nitau,*kur-na-tone,*rikurin ʃibi,tangini-o-ʃu,gèndù; kùppá nàzátɔ̃̂,ó:pá nìtâŋ,swà:gə̀tá,*ri-piri ar kiʃi,{ɔ̀pʊ̀tá:  n},?,*ópa:  tá:a,?,nə́-kúrí-n  óóʃi,?,?,úpócítõ,?,ri-kiri i-ʃi,gèndù; kùppá nàzátɔ̃̂
113,FIFTEEN,1,2,3,4,5,7,6,2,7,?,7,?,2,?,?,7,?,3,5
114,TWENTY,akut aba,kur-aba,*akur repo,oro,kà-màngà,də̀kwɛ̀zɛ̀,kùʤìjò,**a-ɸiri a-ba; *ar piri aba,ə́rkwɔ́:z̥,?,*opá:li:e,?,a̍-kúrá-rja,?,akunaba,alə́sə,uket turere,a-kiri a va,kà-màngà
114,TWENTY,1,1,1,2,3,4,5,6,4,?,8,?,1,?,1,8,0,1,3
115,HUNDRED,likalt,?,*rinu,reke,amangatawun,zə̀ŋgú,ìkwà:ku; dəri,*rina,ùzùŋgú,?,?,?,o-ta̍a̍dé,?,?,ri-noku,ikwi,ku-dari kure,?
115,HUNDRED,1,?,2,2,3,4,5,2,4,?,?,?,7,?,?,8,5,9,?
115.1,TWO HUNDRED,akalt aba,nak-aba,sinu serpo,?,ùkpàkù,?,?,?,?,?,?,?,*tadie mɪ-ria; *a-jini a-ria,?,?,?,?,?,ùkpàkù
115.1,TWO HUNDRED,1,1,2,?,3,?,?,?,?,?,?,?,4,?,?,?,?,?,3
116,FOUR HUNDRED,akalt anas,nak-anas,*sinu sinaze,?,?,?,?,*anna nas,?,?,?,?,n-taadé-ǹ nááze,?,?,a-naka-naʃe,?,ma-dari ma-va,?
116,FOUR HUNDRED,1,1,2,?,?,?,?,1,?,?,?,?,3,?,?,1,?,4,?
117,THOUSAND,?,**nák kurru,*sinu nkuri,?,?,zə̀ŋgú  ʔó:pá,?,*rina rig,?,?,?,?,o-dúbú  H.,?,?,údubu H.,?,-dari ri-kiri,?
117,THOUSAND,?,1,1,?,?,2,?,3,?,?,?,?,4,?,?,4,?,5,?